time,shortwave_radiation (W/m²),diffuse_radiation (W/m²),direct_radiation (W/m²),direct_normal_irradiance (W/m²),temperature_2m (°C),cloud_cover (%),global_tilted_irradiance (W/m²)
2025-03-09 00:00:00,0.0,0.0,0.0,0.0,4.8,0.0,0.0
2025-03-09 00:15:00,0.0,0.0,0.0,0.0,4.725,0.0,0.0
2025-03-09 00:30:00,0.0,0.0,0.0,0.0,4.65,0.0,0.0
2025-03-09 00:45:00,0.0,0.0,0.0,0.0,4.575,0.0,0.0
2025-03-09 01:00:00,0.0,0.0,0.0,0.0,4.5,0.0,0.0
2025-03-09 01:15:00,0.0,0.0,0.0,0.0,4.15,4.75,0.0
2025-03-09 01:30:00,0.0,0.0,0.0,0.0,3.8,9.5,0.0
2025-03-09 01:45:00,0.0,0.0,0.0,0.0,3.45,14.25,0.0
2025-03-09 02:00:00,0.0,0.0,0.0,0.0,3.1,19.0,0.0
2025-03-09 02:15:00,0.0,0.0,0.0,0.0,3.05,39.25,0.0
2025-03-09 02:30:00,0.0,0.0,0.0,0.0,3.0,59.5,0.0
2025-03-09 02:45:00,0.0,0.0,0.0,0.0,2.95,79.75,0.0
2025-03-09 03:00:00,0.0,0.0,0.0,0.0,2.9,100.0,0.0
2025-03-09 03:15:00,0.0,0.0,0.0,0.0,2.8,100.0,0.0
2025-03-09 03:30:00,0.0,0.0,0.0,0.0,2.7,100.0,0.0
2025-03-09 03:45:00,0.0,0.0,0.0,0.0,2.6,100.0,0.0
2025-03-09 04:00:00,0.0,0.0,0.0,0.0,2.5,100.0,0.0
2025-03-09 04:15:00,0.0,0.0,0.0,0.0,2.425,100.0,0.0
2025-03-09 04:30:00,0.0,0.0,0.0,0.0,2.35,100.0,0.0
2025-03-09 04:45:00,0.0,0.0,0.0,0.0,2.2750000000000004,100.0,0.0
2025-03-09 05:00:00,0.0,0.0,0.0,0.0,2.2,100.0,0.0
2025-03-09 05:15:00,0.0,0.0,0.0,0.0,2.1,100.0,0.0
2025-03-09 05:30:00,0.0,0.0,0.0,0.0,2.0,100.0,0.0
2025-03-09 05:45:00,0.0,0.0,0.0,0.0,1.9000000000000001,100.0,0.0
2025-03-09 06:00:00,0.0,0.0,0.0,0.0,1.8,100.0,0.0
2025-03-09 06:15:00,0.0,0.0,0.0,0.0,1.775,100.0,0.0
2025-03-09 06:30:00,0.0,0.0,0.0,0.0,1.75,100.0,0.0
2025-03-09 06:45:00,0.0,0.0,0.0,0.0,1.725,100.0,0.0
2025-03-09 07:00:00,0.0,0.0,0.0,0.0,1.7,100.0,0.0
2025-03-09 07:15:00,6.25,6.25,0.0,0.0,1.775,100.0,3.75
2025-03-09 07:30:00,12.5,12.5,0.0,0.0,1.85,100.0,7.5
2025-03-09 07:45:00,18.75,18.75,0.0,0.0,1.925,100.0,11.25
2025-03-09 08:00:00,25.0,25.0,0.0,0.0,2.0,100.0,15.0
2025-03-09 08:15:00,41.5,39.0,2.5,11.675,2.3,100.0,23.65
2025-03-09 08:30:00,58.0,53.0,5.0,23.35,2.6,100.0,32.3
2025-03-09 08:45:00,74.5,67.0,7.5,35.025000000000006,2.9000000000000004,100.0,40.95
2025-03-09 09:00:00,91.0,81.0,10.0,46.7,3.2,100.0,49.6
2025-03-09 09:15:00,116.25,97.5,18.75,69.25,3.425,100.0,60.375
2025-03-09 09:30:00,141.5,114.0,27.5,91.80000000000001,3.65,100.0,71.15
2025-03-09 09:45:00,166.75,130.5,36.25,114.35000000000001,3.875,100.0,81.92500000000001
2025-03-09 10:00:00,192.0,147.0,45.0,136.9,4.1,100.0,92.7
2025-03-09 10:15:00,231.0,143.25,87.75,232.275,4.699999999999999,98.0,94.725
2025-03-09 10:30:00,270.0,139.5,130.5,327.65,5.3,96.0,96.75
2025-03-09 10:45:00,309.0,135.75,173.25,423.025,5.9,94.0,98.775
2025-03-09 11:00:00,348.0,132.0,216.0,518.4,6.5,92.0,100.8
2025-03-09 11:15:00,365.0,129.5,235.5,544.525,6.825,93.75,101.25
2025-03-09 11:30:00,382.0,127.0,255.0,570.65,7.15,95.5,101.69999999999999
2025-03-09 11:45:00,399.0,124.5,274.5,596.775,7.475,97.25,102.14999999999999
2025-03-09 12:00:00,416.0,122.0,294.0,622.9,7.8,99.0,102.6
2025-03-09 12:15:00,421.75,126.0,295.75,620.475,8.025,99.25,105.425
2025-03-09 12:30:00,427.5,130.0,297.5,618.05,8.25,99.5,108.25
2025-03-09 12:45:00,433.25,134.0,299.25,615.625,8.475,99.75,111.075
2025-03-09 13:00:00,439.0,138.0,301.0,613.2,8.7,100.0,113.9
2025-03-09 13:15:00,431.5,143.25,288.25,592.325,9.075,100.0,149.95000000000002
2025-03-09 13:30:00,424.0,148.5,275.5,571.45,9.45,100.0,186.0
2025-03-09 13:45:00,416.5,153.75,262.75,550.575,9.825,100.0,222.05
2025-03-09 14:00:00,409.0,159.0,250.0,529.7,10.2,100.0,258.1
2025-03-09 14:15:00,395.25,154.25,241.0,525.6500000000001,10.299999999999999,100.0,284.15000000000003
2025-03-09 14:30:00,381.5,149.5,232.0,521.6,10.399999999999999,100.0,310.20000000000005
2025-03-09 14:45:00,367.75,144.75,223.0,517.55,10.5,100.0,336.25
2025-03-09 15:00:00,354.0,140.0,214.0,513.5,10.6,100.0,362.3
2025-03-09 15:15:00,330.5,134.5,196.0,493.075,10.525,100.0,369.25
2025-03-09 15:30:00,307.0,129.0,178.0,472.65,10.45,100.0,376.20000000000005
2025-03-09 15:45:00,283.5,123.5,160.0,452.225,10.375,100.0,383.15000000000003
2025-03-09 16:00:00,260.0,118.0,142.0,431.8,10.3,100.0,390.1
2025-03-09 16:15:00,229.75,111.75,118.0,377.5,10.100000000000001,100.0,354.05
2025-03-09 16:30:00,199.5,105.5,94.0,323.2,9.9,100.0,318.0
2025-03-09 16:45:00,169.25,99.25,70.0,268.9,9.7,100.0,281.95000000000005
2025-03-09 17:00:00,139.0,93.0,46.0,214.6,9.5,100.0,245.9
2025-03-09 17:15:00,114.25,78.5,35.75,172.125,9.2,100.0,200.4
2025-03-09 17:30:00,89.5,64.0,25.5,129.65,8.9,100.0,154.9
2025-03-09 17:45:00,64.75,49.5,15.25,87.17500000000001,8.600000000000001,100.0,109.4
2025-03-09 18:00:00,40.0,35.0,5.0,44.7,8.3,100.0,63.9
2025-03-09 18:15:00,30.0,26.25,3.75,33.525000000000006,8.025,100.0,47.925
2025-03-09 18:30:00,20.0,17.5,2.5,22.35,7.75,100.0,31.95
2025-03-09 18:45:00,10.0,8.75,1.25,11.174999999999997,7.4750000000000005,100.0,15.975000000000001
2025-03-09 19:00:00,0.0,0.0,0.0,0.0,7.2,100.0,0.0
2025-03-09 19:15:00,0.0,0.0,0.0,0.0,6.95,100.0,0.0
2025-03-09 19:30:00,0.0,0.0,0.0,0.0,6.7,100.0,0.0
2025-03-09 19:45:00,0.0,0.0,0.0,0.0,6.45,100.0,0.0
2025-03-09 20:00:00,0.0,0.0,0.0,0.0,6.2,100.0,0.0
2025-03-09 20:15:00,0.0,0.0,0.0,0.0,6.075,99.75,0.0
2025-03-09 20:30:00,0.0,0.0,0.0,0.0,5.95,99.5,0.0
2025-03-09 20:45:00,0.0,0.0,0.0,0.0,5.825,99.25,0.0
2025-03-09 21:00:00,0.0,0.0,0.0,0.0,5.7,99.0,0.0
2025-03-09 21:15:00,0.0,0.0,0.0,0.0,5.65,95.5,0.0
2025-03-09 21:30:00,0.0,0.0,0.0,0.0,5.6,92.0,0.0
2025-03-09 21:45:00,0.0,0.0,0.0,0.0,5.55,88.5,0.0
2025-03-09 22:00:00,0.0,0.0,0.0,0.0,5.5,85.0,0.0
2025-03-09 22:15:00,0.0,0.0,0.0,0.0,5.425,70.5,0.0
2025-03-09 22:30:00,0.0,0.0,0.0,0.0,5.35,56.0,0.0
2025-03-09 22:45:00,0.0,0.0,0.0,0.0,5.275,41.5,0.0
2025-03-09 23:00:00,0.0,0.0,0.0,0.0,5.2,27.0,0.0
2025-03-09 23:15:00,0.0,0.0,0.0,0.0,5.1,22.25,0.0
2025-03-09 23:30:00,0.0,0.0,0.0,0.0,5.0,17.5,0.0
2025-03-09 23:45:00,0.0,0.0,0.0,0.0,4.9,12.75,0.0
2025-03-10 00:00:00,0.0,0.0,0.0,0.0,4.8,8.0,0.0
2025-03-10 00:15:00,0.0,0.0,0.0,0.0,4.65,8.0,0.0
2025-03-10 00:30:00,0.0,0.0,0.0,0.0,4.5,8.0,0.0
2025-03-10 00:45:00,0.0,0.0,0.0,0.0,4.35,8.0,0.0
2025-03-10 01:00:00,0.0,0.0,0.0,0.0,4.2,8.0,0.0
2025-03-10 01:15:00,0.0,0.0,0.0,0.0,3.975,6.25,0.0
2025-03-10 01:30:00,0.0,0.0,0.0,0.0,3.75,4.5,0.0
2025-03-10 01:45:00,0.0,0.0,0.0,0.0,3.525,2.75,0.0
2025-03-10 02:00:00,0.0,0.0,0.0,0.0,3.3,1.0,0.0
2025-03-10 02:15:00,0.0,0.0,0.0,0.0,3.1999999999999997,0.75,0.0
2025-03-10 02:30:00,0.0,0.0,0.0,0.0,3.0999999999999996,0.5,0.0
2025-03-10 02:45:00,0.0,0.0,0.0,0.0,3.0,0.25,0.0
2025-03-10 03:00:00,0.0,0.0,0.0,0.0,2.9,0.0,0.0
2025-03-10 03:15:00,0.0,0.0,0.0,0.0,2.8,0.0,0.0
2025-03-10 03:30:00,0.0,0.0,0.0,0.0,2.7,0.0,0.0
2025-03-10 03:45:00,0.0,0.0,0.0,0.0,2.6,0.0,0.0
2025-03-10 04:00:00,0.0,0.0,0.0,0.0,2.5,0.0,0.0
2025-03-10 04:15:00,0.0,0.0,0.0,0.0,2.425,0.0,0.0
2025-03-10 04:30:00,0.0,0.0,0.0,0.0,2.35,0.0,0.0
2025-03-10 04:45:00,0.0,0.0,0.0,0.0,2.2750000000000004,0.0,0.0
2025-03-10 05:00:00,0.0,0.0,0.0,0.0,2.2,0.0,0.0
2025-03-10 05:15:00,0.0,0.0,0.0,0.0,2.1500000000000004,0.0,0.0
2025-03-10 05:30:00,0.0,0.0,0.0,0.0,2.1,0.0,0.0
2025-03-10 05:45:00,0.0,0.0,0.0,0.0,2.05,0.0,0.0
2025-03-10 06:00:00,0.0,0.0,0.0,0.0,2.0,0.0,0.0
2025-03-10 06:15:00,0.0,0.0,0.0,0.0,1.925,0.5,0.0
2025-03-10 06:30:00,0.0,0.0,0.0,0.0,1.85,1.0,0.0
2025-03-10 06:45:00,0.0,0.0,0.0,0.0,1.775,1.5,0.0
2025-03-10 07:00:00,0.0,0.0,0.0,0.0,1.7,2.0,0.0
2025-03-10 07:15:00,13.75,6.0,7.75,67.625,1.95,3.25,4.375
2025-03-10 07:30:00,27.5,12.0,15.5,135.25,2.2,4.5,8.75
2025-03-10 07:45:00,41.25,18.0,23.25,202.875,2.45,5.75,13.125
2025-03-10 08:00:00,55.0,24.0,31.0,270.5,2.7,7.0,17.5
2025-03-10 08:15:00,86.25,31.0,55.25,348.15,3.175,5.25,24.125
2025-03-10 08:30:00,117.5,38.0,79.5,425.8,3.65,3.5,30.75
2025-03-10 08:45:00,148.75,45.0,103.75,503.45000000000005,4.125,1.75,37.375
2025-03-10 09:00:00,180.0,52.0,128.0,581.1,4.6,0.0,44.0
2025-03-10 09:15:00,211.5,55.25,156.25,615.725,5.1,0.0,48.775
2025-03-10 09:30:00,243.0,58.5,184.5,650.35,5.6,0.0,53.55
2025-03-10 09:45:00,274.5,61.75,212.75,684.975,6.1,0.0,58.325
2025-03-10 10:00:00,306.0,65.0,241.0,719.6,6.6,0.0,63.1
2025-03-10 10:15:00,331.5,66.75,264.75,738.375,7.074999999999999,0.0,66.525
2025-03-10 10:30:00,357.0,68.5,288.5,757.1500000000001,7.55,0.0,69.95
2025-03-10 10:45:00,382.5,70.25,312.25,775.9250000000001,8.025,0.0,73.375
2025-03-10 11:00:00,408.0,72.0,336.0,794.7,8.5,0.0,76.8
2025-03-10 11:15:00,424.25,73.25,351.0,803.1500000000001,8.85,0.0,79.05
2025-03-10 11:30:00,440.5,74.5,366.0,811.6,9.2,0.0,81.3
2025-03-10 11:45:00,456.75,75.75,381.0,820.05,9.55,0.0,83.55
2025-03-10 12:00:00,473.0,77.0,396.0,828.5,9.9,0.0,85.8
2025-03-10 12:15:00,478.75,76.75,402.0,832.75,10.075,0.0,86.825
2025-03-10 12:30:00,484.5,76.5,408.0,837.0,10.25,0.0,87.85
2025-03-10 12:45:00,490.25,76.25,414.0,841.25,10.425,0.0,88.875
2025-03-10 13:00:00,496.0,76.0,420.0,845.5,10.6,0.0,89.9
2025-03-10 13:15:00,490.0,75.75,414.25,841.875,10.675,0.0,142.85
2025-03-10 13:30:00,484.0,75.5,408.5,838.25,10.75,0.0,195.8
2025-03-10 13:45:00,478.0,75.25,402.75,834.625,10.825,0.0,248.75
2025-03-10 14:00:00,472.0,75.0,397.0,831.0,10.9,0.0,301.7
2025-03-10 14:15:00,455.5,74.5,381.0,820.375,10.875,0.25,344.425
2025-03-10 14:30:00,439.0,74.0,365.0,809.75,10.850000000000001,0.5,387.15
2025-03-10 14:45:00,422.5,73.5,349.0,799.125,10.825000000000001,0.75,429.875
2025-03-10 15:00:00,406.0,73.0,333.0,788.5,10.8,1.0,472.6
2025-03-10 15:15:00,378.75,72.25,306.5,761.15,10.725000000000001,3.0,490.775
2025-03-10 15:30:00,351.5,71.5,280.0,733.8,10.65,5.0,508.95
2025-03-10 15:45:00,324.25,70.75,253.5,706.45,10.575,7.0,527.125
2025-03-10 16:00:00,297.0,70.0,227.0,679.1,10.5,9.0,545.3
2025-03-10 16:15:00,265.0,66.0,199.0,640.225,10.3,9.75,533.275
2025-03-10 16:30:00,233.0,62.0,171.0,601.35,10.1,10.5,521.25
2025-03-10 16:45:00,201.0,58.0,143.0,562.475,9.899999999999999,11.25,509.22499999999997
2025-03-10 17:00:00,169.0,54.0,115.0,523.6,9.7,12.0,497.2
2025-03-10 17:15:00,139.75,47.0,92.75,449.52500000000003,9.149999999999999,16.5,431.42499999999995
2025-03-10 17:30:00,110.5,40.0,70.5,375.45000000000005,8.6,21.0,365.65
2025-03-10 17:45:00,81.25,33.0,48.25,301.375,8.05,25.5,299.875
2025-03-10 18:00:00,52.0,26.0,26.0,227.3,7.5,30.0,234.1
2025-03-10 18:15:00,39.0,19.5,19.5,170.47500000000002,6.875,47.5,175.575
2025-03-10 18:30:00,26.0,13.0,13.0,113.65,6.25,65.0,117.05
2025-03-10 18:45:00,13.0,6.5,6.5,56.82499999999999,5.625,82.5,58.525000000000006
2025-03-10 19:00:00,0.0,0.0,0.0,0.0,5.0,100.0,0.0
2025-03-10 19:15:00,0.0,0.0,0.0,0.0,4.775,100.0,0.0
2025-03-10 19:30:00,0.0,0.0,0.0,0.0,4.55,100.0,0.0
2025-03-10 19:45:00,0.0,0.0,0.0,0.0,4.324999999999999,100.0,0.0
2025-03-10 20:00:00,0.0,0.0,0.0,0.0,4.1,100.0,0.0
2025-03-10 20:15:00,0.0,0.0,0.0,0.0,4.1499999999999995,100.0,0.0
2025-03-10 20:30:00,0.0,0.0,0.0,0.0,4.199999999999999,100.0,0.0
2025-03-10 20:45:00,0.0,0.0,0.0,0.0,4.25,100.0,0.0
2025-03-10 21:00:00,0.0,0.0,0.0,0.0,4.3,100.0,0.0
2025-03-10 21:15:00,0.0,0.0,0.0,0.0,4.425,100.0,0.0
2025-03-10 21:30:00,0.0,0.0,0.0,0.0,4.55,100.0,0.0
2025-03-10 21:45:00,0.0,0.0,0.0,0.0,4.675,100.0,0.0
2025-03-10 22:00:00,0.0,0.0,0.0,0.0,4.8,100.0,0.0
2025-03-10 22:15:00,0.0,0.0,0.0,0.0,4.8,100.0,0.0
2025-03-10 22:30:00,0.0,0.0,0.0,0.0,4.8,100.0,0.0
2025-03-10 22:45:00,0.0,0.0,0.0,0.0,4.8,100.0,0.0
2025-03-10 23:00:00,0.0,0.0,0.0,0.0,4.8,100.0,0.0
2025-03-10 23:15:00,0.0,0.0,0.0,0.0,4.675,100.0,0.0
2025-03-10 23:30:00,0.0,0.0,0.0,0.0,4.55,100.0,0.0
2025-03-10 23:45:00,0.0,0.0,0.0,0.0,4.425,100.0,0.0
2025-03-11 00:00:00,0.0,0.0,0.0,0.0,4.3,100.0,0.0
2025-03-11 00:15:00,0.0,0.0,0.0,0.0,4.2,100.0,0.0
2025-03-11 00:30:00,0.0,0.0,0.0,0.0,4.1,100.0,0.0
2025-03-11 00:45:00,0.0,0.0,0.0,0.0,4.0,100.0,0.0
2025-03-11 01:00:00,0.0,0.0,0.0,0.0,3.9,100.0,0.0
2025-03-11 01:15:00,0.0,0.0,0.0,0.0,3.85,100.0,0.0
2025-03-11 01:30:00,0.0,0.0,0.0,0.0,3.8,100.0,0.0
2025-03-11 01:45:00,0.0,0.0,0.0,0.0,3.75,100.0,0.0
2025-03-11 02:00:00,0.0,0.0,0.0,0.0,3.7,100.0,0.0
2025-03-11 02:15:00,0.0,0.0,0.0,0.0,3.6500000000000004,100.0,0.0
2025-03-11 02:30:00,0.0,0.0,0.0,0.0,3.6,100.0,0.0
2025-03-11 02:45:00,0.0,0.0,0.0,0.0,3.55,100.0,0.0
2025-03-11 03:00:00,0.0,0.0,0.0,0.0,3.5,100.0,0.0
2025-03-11 03:15:00,0.0,0.0,0.0,0.0,3.475,100.0,0.0
2025-03-11 03:30:00,0.0,0.0,0.0,0.0,3.45,100.0,0.0
2025-03-11 03:45:00,0.0,0.0,0.0,0.0,3.425,100.0,0.0
2025-03-11 04:00:00,0.0,0.0,0.0,0.0,3.4,100.0,0.0
2025-03-11 04:15:00,0.0,0.0,0.0,0.0,3.375,100.0,0.0
2025-03-11 04:30:00,0.0,0.0,0.0,0.0,3.3499999999999996,100.0,0.0
2025-03-11 04:45:00,0.0,0.0,0.0,0.0,3.3249999999999997,100.0,0.0
2025-03-11 05:00:00,0.0,0.0,0.0,0.0,3.3,100.0,0.0
2025-03-11 05:15:00,0.0,0.0,0.0,0.0,3.275,100.0,0.0
2025-03-11 05:30:00,0.0,0.0,0.0,0.0,3.25,100.0,0.0
2025-03-11 05:45:00,0.0,0.0,0.0,0.0,3.225,100.0,0.0
2025-03-11 06:00:00,0.0,0.0,0.0,0.0,3.2,100.0,0.0
2025-03-11 06:15:00,0.0,0.0,0.0,0.0,3.225,100.0,0.0
2025-03-11 06:30:00,0.0,0.0,0.0,0.0,3.25,100.0,0.0
2025-03-11 06:45:00,0.0,0.0,0.0,0.0,3.275,100.0,0.0
2025-03-11 07:00:00,0.0,0.0,0.0,0.0,3.3,100.0,0.0
2025-03-11 07:15:00,5.75,5.75,0.0,0.0,3.4,100.0,3.45
2025-03-11 07:30:00,11.5,11.5,0.0,0.0,3.5,100.0,6.9
2025-03-11 07:45:00,17.25,17.25,0.0,0.0,3.6,100.0,10.350000000000001
2025-03-11 08:00:00,23.0,23.0,0.0,0.0,3.7,100.0,13.8
2025-03-11 08:15:00,37.5,37.0,0.5,2.2,3.8,100.0,22.25
2025-03-11 08:30:00,52.0,51.0,1.0,4.4,3.9,100.0,30.7
2025-03-11 08:45:00,66.5,65.0,1.5,6.6000000000000005,4.0,100.0,39.15
2025-03-11 09:00:00,81.0,79.0,2.0,8.8,4.1,100.0,47.6
2025-03-11 09:15:00,93.5,89.5,4.0,13.925,4.25,100.0,54.1
2025-03-11 09:30:00,106.0,100.0,6.0,19.05,4.4,100.0,60.599999999999994
2025-03-11 09:45:00,118.5,110.5,8.0,24.175,4.55,100.0,67.1
2025-03-11 10:00:00,131.0,121.0,10.0,29.3,4.7,100.0,73.6
2025-03-11 10:15:00,140.25,127.25,13.0,34.8,4.725,100.0,77.64999999999999
2025-03-11 10:30:00,149.5,133.5,16.0,40.3,4.75,100.0,81.69999999999999
2025-03-11 10:45:00,158.75,139.75,19.0,45.8,4.775,100.0,85.75
2025-03-11 11:00:00,168.0,146.0,22.0,51.3,4.8,100.0,89.8
2025-03-11 11:15:00,174.0,152.5,21.5,48.8,4.775,100.0,93.65
2025-03-11 11:30:00,180.0,159.0,21.0,46.3,4.75,100.0,97.5
2025-03-11 11:45:00,186.0,165.5,20.5,43.8,4.725,100.0,101.35
2025-03-11 12:00:00,192.0,172.0,20.0,41.3,4.7,100.0,105.2
2025-03-11 12:15:00,185.75,167.5,18.25,37.449999999999996,4.625,100.0,102.35
2025-03-11 12:30:00,179.5,163.0,16.5,33.599999999999994,4.550000000000001,100.0,99.5
2025-03-11 12:45:00,173.25,158.5,14.75,29.75,4.4750000000000005,100.0,96.65
2025-03-11 13:00:00,167.0,154.0,13.0,25.9,4.4,100.0,93.8
2025-03-11 13:15:00,189.0,166.5,22.5,45.8,4.425000000000001,100.0,109.14999999999999
2025-03-11 13:30:00,211.0,179.0,32.0,65.69999999999999,4.45,100.0,124.5
2025-03-11 13:45:00,233.0,191.5,41.5,85.6,4.475,100.0,139.85
2025-03-11 14:00:00,255.0,204.0,51.0,105.5,4.5,100.0,155.2
2025-03-11 14:15:00,251.25,194.5,56.75,122.375,4.625,100.0,164.89999999999998
2025-03-11 14:30:00,247.5,185.0,62.5,139.25,4.75,100.0,174.6
2025-03-11 14:45:00,243.75,175.5,68.25,156.125,4.875,100.0,184.3
2025-03-11 15:00:00,240.0,166.0,74.0,173.0,5.0,100.0,194.0
2025-03-11 15:15:00,212.75,154.5,58.25,137.85,4.975,100.0,169.525
2025-03-11 15:30:00,185.5,143.0,42.5,102.7,4.95,100.0,145.05
2025-03-11 15:45:00,158.25,131.5,26.75,67.55000000000001,4.925000000000001,100.0,120.57499999999999
2025-03-11 16:00:00,131.0,120.0,11.0,32.4,4.9,100.0,96.1
2025-03-11 16:15:00,113.25,105.0,8.25,24.299999999999997,4.75,100.0,81.07499999999999
2025-03-11 16:30:00,95.5,90.0,5.5,16.2,4.6,100.0,66.05
2025-03-11 16:45:00,77.75,75.0,2.75,8.100000000000001,4.45,100.0,51.025
2025-03-11 17:00:00,60.0,60.0,0.0,0.0,4.3,100.0,36.0
2025-03-11 17:15:00,49.25,49.25,0.0,0.0,4.175,100.0,29.55
2025-03-11 17:30:00,38.5,38.5,0.0,0.0,4.05,100.0,23.1
2025-03-11 17:45:00,27.75,27.75,0.0,0.0,3.925,100.0,16.65
2025-03-11 18:00:00,17.0,17.0,0.0,0.0,3.8,100.0,10.2
2025-03-11 18:15:00,12.75,12.75,0.0,0.0,3.775,100.0,7.6499999999999995
2025-03-11 18:30:00,8.5,8.5,0.0,0.0,3.75,100.0,5.1
2025-03-11 18:45:00,4.25,4.25,0.0,0.0,3.725,100.0,2.55
2025-03-11 19:00:00,0.0,0.0,0.0,0.0,3.7,100.0,0.0
2025-03-11 19:15:00,0.0,0.0,0.0,0.0,3.7,100.0,0.0
2025-03-11 19:30:00,0.0,0.0,0.0,0.0,3.7,100.0,0.0
2025-03-11 19:45:00,0.0,0.0,0.0,0.0,3.7,100.0,0.0
2025-03-11 20:00:00,0.0,0.0,0.0,0.0,3.7,100.0,0.0
2025-03-11 20:15:00,0.0,0.0,0.0,0.0,3.625,100.0,0.0
2025-03-11 20:30:00,0.0,0.0,0.0,0.0,3.55,100.0,0.0
2025-03-11 20:45:00,0.0,0.0,0.0,0.0,3.475,100.0,0.0
2025-03-11 21:00:00,0.0,0.0,0.0,0.0,3.4,100.0,0.0
2025-03-11 21:15:00,0.0,0.0,0.0,0.0,3.425,100.0,0.0
2025-03-11 21:30:00,0.0,0.0,0.0,0.0,3.45,100.0,0.0
2025-03-11 21:45:00,0.0,0.0,0.0,0.0,3.475,100.0,0.0
2025-03-11 22:00:00,0.0,0.0,0.0,0.0,3.5,100.0,0.0
2025-03-11 22:15:00,0.0,0.0,0.0,0.0,3.575,100.0,0.0
2025-03-11 22:30:00,0.0,0.0,0.0,0.0,3.65,100.0,0.0
2025-03-11 22:45:00,0.0,0.0,0.0,0.0,3.7249999999999996,100.0,0.0
2025-03-11 23:00:00,0.0,0.0,0.0,0.0,3.8,100.0,0.0
2025-03-11 23:15:00,0.0,0.0,0.0,0.0,3.775,100.0,0.0
2025-03-11 23:30:00,0.0,0.0,0.0,0.0,3.75,100.0,0.0
2025-03-11 23:45:00,0.0,0.0,0.0,0.0,3.725,100.0,0.0
2025-03-12 00:00:00,0.0,0.0,0.0,0.0,3.7,100.0,0.0
2025-03-12 00:15:00,0.0,0.0,0.0,0.0,3.575,100.0,0.0
2025-03-12 00:30:00,0.0,0.0,0.0,0.0,3.45,100.0,0.0
2025-03-12 00:45:00,0.0,0.0,0.0,0.0,3.325,100.0,0.0
2025-03-12 01:00:00,0.0,0.0,0.0,0.0,3.2,100.0,0.0
2025-03-12 01:15:00,0.0,0.0,0.0,0.0,3.075,100.0,0.0
2025-03-12 01:30:00,0.0,0.0,0.0,0.0,2.95,100.0,0.0
2025-03-12 01:45:00,0.0,0.0,0.0,0.0,2.825,100.0,0.0
2025-03-12 02:00:00,0.0,0.0,0.0,0.0,2.7,100.0,0.0
2025-03-12 02:15:00,0.0,0.0,0.0,0.0,2.7,100.0,0.0
2025-03-12 02:30:00,0.0,0.0,0.0,0.0,2.7,100.0,0.0
2025-03-12 02:45:00,0.0,0.0,0.0,0.0,2.7,100.0,0.0
2025-03-12 03:00:00,0.0,0.0,0.0,0.0,2.7,100.0,0.0
2025-03-12 03:15:00,0.0,0.0,0.0,0.0,2.7,100.0,0.0
2025-03-12 03:30:00,0.0,0.0,0.0,0.0,2.7,100.0,0.0
2025-03-12 03:45:00,0.0,0.0,0.0,0.0,2.7,100.0,0.0
2025-03-12 04:00:00,0.0,0.0,0.0,0.0,2.7,100.0,0.0
2025-03-12 04:15:00,0.0,0.0,0.0,0.0,2.6750000000000003,89.5,0.0
2025-03-12 04:30:00,0.0,0.0,0.0,0.0,2.6500000000000004,79.0,0.0
2025-03-12 04:45:00,0.0,0.0,0.0,0.0,2.625,68.5,0.0
2025-03-12 05:00:00,0.0,0.0,0.0,0.0,2.6,58.0,0.0
2025-03-12 05:15:00,0.0,0.0,0.0,0.0,2.475,61.25,0.0
2025-03-12 05:30:00,0.0,0.0,0.0,0.0,2.35,64.5,0.0
2025-03-12 05:45:00,0.0,0.0,0.0,0.0,2.225,67.75,0.0
2025-03-12 06:00:00,0.0,0.0,0.0,0.0,2.1,71.0,0.0
2025-03-12 06:15:00,0.25,0.25,0.0,0.0,2.05,75.0,0.15
2025-03-12 06:30:00,0.5,0.5,0.0,0.0,2.0,79.0,0.3
2025-03-12 06:45:00,0.75,0.75,0.0,0.0,1.95,83.0,0.44999999999999996
2025-03-12 07:00:00,1.0,1.0,0.0,0.0,1.9,87.0,0.6
2025-03-12 07:15:00,12.0,9.25,2.75,22.725,2.1,90.25,5.824999999999999
2025-03-12 07:30:00,23.0,17.5,5.5,45.45,2.3,93.5,11.049999999999999
2025-03-12 07:45:00,34.0,25.75,8.25,68.17500000000001,2.5,96.75,16.275
2025-03-12 08:00:00,45.0,34.0,11.0,90.9,2.7,100.0,21.5
2025-03-12 08:15:00,59.25,45.25,14.0,92.85000000000001,2.875,89.5,28.55
2025-03-12 08:30:00,73.5,56.5,17.0,94.80000000000001,3.05,79.0,35.6
2025-03-12 08:45:00,87.75,67.75,20.0,96.75,3.225,68.5,42.650000000000006
2025-03-12 09:00:00,102.0,79.0,23.0,98.7,3.4,58.0,49.7
2025-03-12 09:15:00,113.0,92.0,21.0,84.825,3.525,64.5,57.3
2025-03-12 09:30:00,124.0,105.0,19.0,70.95,3.65,71.0,64.9
2025-03-12 09:45:00,135.0,118.0,17.0,57.075,3.775,77.5,72.5
2025-03-12 10:00:00,146.0,131.0,15.0,43.2,3.9,84.0,80.1
2025-03-12 10:15:00,173.25,133.5,39.75,97.9,4.025,83.0,84.07499999999999
2025-03-12 10:30:00,200.5,136.0,64.5,152.60000000000002,4.15,82.0,88.05
2025-03-12 10:45:00,227.75,138.5,89.25,207.3,4.275,81.0,92.025
2025-03-12 11:00:00,255.0,141.0,114.0,262.0,4.4,80.0,96.0
2025-03-12 11:15:00,264.5,140.0,124.5,276.075,4.5,83.5,96.45
2025-03-12 11:30:00,274.0,139.0,135.0,290.15,4.6,87.0,96.9
2025-03-12 11:45:00,283.5,138.0,145.5,304.225,4.7,90.5,97.35
2025-03-12 12:00:00,293.0,137.0,156.0,318.3,4.8,94.0,97.8
2025-03-12 12:15:00,286.5,139.5,147.0,297.725,4.925,95.5,98.7
2025-03-12 12:30:00,280.0,142.0,138.0,277.15,5.05,97.0,99.6
2025-03-12 12:45:00,273.5,144.5,129.0,256.575,5.175,98.5,100.5
2025-03-12 13:00:00,267.0,147.0,120.0,236.0,5.3,100.0,101.4
2025-03-12 13:15:00,256.25,147.75,108.5,214.825,5.375,100.0,110.375
2025-03-12 13:30:00,245.5,148.5,97.0,193.65,5.449999999999999,100.0,119.35000000000001
2025-03-12 13:45:00,234.75,149.25,85.5,172.47500000000002,5.5249999999999995,100.0,128.32500000000002
2025-03-12 14:00:00,224.0,150.0,74.0,151.3,5.6,100.0,137.3
2025-03-12 14:15:00,222.25,145.75,76.5,161.925,5.3999999999999995,98.25,149.45000000000002
2025-03-12 14:30:00,220.5,141.5,79.0,172.55,5.199999999999999,96.5,161.60000000000002
2025-03-12 14:45:00,218.75,137.25,81.5,183.175,5.0,94.75,173.75
2025-03-12 15:00:00,217.0,133.0,84.0,193.8,4.8,93.0,185.9
2025-03-12 15:15:00,206.75,126.5,80.25,195.35000000000002,4.825,91.25,192.7
2025-03-12 15:30:00,196.5,120.0,76.5,196.9,4.85,89.5,199.5
2025-03-12 15:45:00,186.25,113.5,72.75,198.45,4.875,87.75,206.3
2025-03-12 16:00:00,176.0,107.0,69.0,200.0,4.9,86.0,213.1
2025-03-12 16:15:00,165.0,100.25,64.75,206.5,4.9750000000000005,84.25,222.125
2025-03-12 16:30:00,154.0,93.5,60.5,213.0,5.050000000000001,82.5,231.14999999999998
2025-03-12 16:45:00,143.0,86.75,56.25,219.5,5.125,80.75,240.17499999999998
2025-03-12 17:00:00,132.0,80.0,52.0,226.0,5.2,79.0,249.2
2025-03-12 17:15:00,110.75,67.75,43.0,202.925,4.975,77.75,223.85
2025-03-12 17:30:00,89.5,55.5,34.0,179.85,4.75,76.5,198.5
2025-03-12 17:45:00,68.25,43.25,25.0,156.77499999999998,4.525,75.25,173.15
2025-03-12 18:00:00,47.0,31.0,16.0,133.7,4.3,74.0,147.8
2025-03-12 18:15:00,35.5,23.5,12.0,100.27499999999999,3.9749999999999996,67.5,111.0
2025-03-12 18:30:00,24.0,16.0,8.0,66.85,3.65,61.0,74.2
2025-03-12 18:45:00,12.5,8.5,4.0,33.425,3.325,54.5,37.400000000000006
2025-03-12 19:00:00,1.0,1.0,0.0,0.0,3.0,48.0,0.6
2025-03-12 19:15:00,0.75,0.75,0.0,0.0,2.8,52.5,0.44999999999999996
2025-03-12 19:30:00,0.5,0.5,0.0,0.0,2.6,57.0,0.3
2025-03-12 19:45:00,0.25,0.25,0.0,0.0,2.4000000000000004,61.5,0.15000000000000002
2025-03-12 20:00:00,0.0,0.0,0.0,0.0,2.2,66.0,0.0
2025-03-12 20:15:00,0.0,0.0,0.0,0.0,2.0250000000000004,74.25,0.0
2025-03-12 20:30:00,0.0,0.0,0.0,0.0,1.85,82.5,0.0
2025-03-12 20:45:00,0.0,0.0,0.0,0.0,1.675,90.75,0.0
2025-03-12 21:00:00,0.0,0.0,0.0,0.0,1.5,99.0,0.0
2025-03-12 21:15:00,0.0,0.0,0.0,0.0,1.4,76.5,0.0
2025-03-12 21:30:00,0.0,0.0,0.0,0.0,1.3,54.0,0.0
2025-03-12 21:45:00,0.0,0.0,0.0,0.0,1.2000000000000002,31.5,0.0
2025-03-12 22:00:00,0.0,0.0,0.0,0.0,1.1,9.0,0.0
2025-03-12 22:15:00,0.0,0.0,0.0,0.0,0.925,12.0,0.0
2025-03-12 22:30:00,0.0,0.0,0.0,0.0,0.75,15.0,0.0
2025-03-12 22:45:00,0.0,0.0,0.0,0.0,0.5750000000000001,18.0,0.0
2025-03-12 23:00:00,0.0,0.0,0.0,0.0,0.4,21.0,0.0
2025-03-12 23:15:00,0.0,0.0,0.0,0.0,0.325,18.75,0.0
2025-03-12 23:30:00,0.0,0.0,0.0,0.0,0.25,16.5,0.0
2025-03-12 23:45:00,0.0,0.0,0.0,0.0,0.175,14.25,0.0
2025-03-13 00:00:00,0.0,0.0,0.0,0.0,0.1,12.0,0.0
2025-03-13 00:15:00,0.0,0.0,0.0,0.0,-0.024999999999999994,16.5,0.0
2025-03-13 00:30:00,0.0,0.0,0.0,0.0,-0.15,21.0,0.0
2025-03-13 00:45:00,0.0,0.0,0.0,0.0,-0.275,25.5,0.0
2025-03-13 01:00:00,0.0,0.0,0.0,0.0,-0.4,30.0,0.0
2025-03-13 01:15:00,0.0,0.0,0.0,0.0,-0.2,38.5,0.0
2025-03-13 01:30:00,0.0,0.0,0.0,0.0,0.0,47.0,0.0
2025-03-13 01:45:00,0.0,0.0,0.0,0.0,0.20000000000000007,55.5,0.0
2025-03-13 02:00:00,0.0,0.0,0.0,0.0,0.4,64.0,0.0
2025-03-13 02:15:00,0.0,0.0,0.0,0.0,0.35000000000000003,52.75,0.0
2025-03-13 02:30:00,0.0,0.0,0.0,0.0,0.30000000000000004,41.5,0.0
2025-03-13 02:45:00,0.0,0.0,0.0,0.0,0.25,30.25,0.0
2025-03-13 03:00:00,0.0,0.0,0.0,0.0,0.2,19.0,0.0
2025-03-13 03:15:00,0.0,0.0,0.0,0.0,0.025000000000000022,27.0,0.0
2025-03-13 03:30:00,0.0,0.0,0.0,0.0,-0.14999999999999997,35.0,0.0
2025-03-13 03:45:00,0.0,0.0,0.0,0.0,-0.3249999999999999,43.0,0.0
2025-03-13 04:00:00,0.0,0.0,0.0,0.0,-0.5,51.0,0.0
2025-03-13 04:15:00,0.0,0.0,0.0,0.0,-0.7,52.5,0.0
2025-03-13 04:30:00,0.0,0.0,0.0,0.0,-0.9,54.0,0.0
2025-03-13 04:45:00,0.0,0.0,0.0,0.0,-1.1,55.5,0.0
2025-03-13 05:00:00,0.0,0.0,0.0,0.0,-1.3,57.0,0.0
2025-03-13 05:15:00,0.0,0.0,0.0,0.0,-1.325,67.75,0.0
2025-03-13 05:30:00,0.0,0.0,0.0,0.0,-1.35,78.5,0.0
2025-03-13 05:45:00,0.0,0.0,0.0,0.0,-1.375,89.25,0.0
2025-03-13 06:00:00,0.0,0.0,0.0,0.0,-1.4,100.0,0.0
2025-03-13 06:15:00,0.25,0.25,0.0,0.0,-1.2999999999999998,100.0,0.15
2025-03-13 06:30:00,0.5,0.5,0.0,0.0,-1.2,100.0,0.3
2025-03-13 06:45:00,0.75,0.75,0.0,0.0,-1.1,100.0,0.44999999999999996
2025-03-13 07:00:00,1.0,1.0,0.0,0.0,-1.0,100.0,0.6
2025-03-13 07:15:00,11.75,9.75,2.0,16.1,-0.825,100.0,6.049999999999999
2025-03-13 07:30:00,22.5,18.5,4.0,32.2,-0.65,100.0,11.499999999999998
2025-03-13 07:45:00,33.25,27.25,6.0,48.300000000000004,-0.4750000000000001,100.0,16.95
2025-03-13 08:00:00,44.0,36.0,8.0,64.4,-0.3,100.0,22.4
2025-03-13 08:15:00,65.5,52.5,13.0,77.55000000000001,0.07500000000000001,100.0,32.8
2025-03-13 08:30:00,87.0,69.0,18.0,90.7,0.45,100.0,43.2
2025-03-13 08:45:00,108.5,85.5,23.0,103.85,0.825,100.0,53.6
2025-03-13 09:00:00,130.0,102.0,28.0,117.0,1.2,100.0,64.0
2025-03-13 09:15:00,151.5,112.75,38.75,137.925,1.4,100.0,71.525
2025-03-13 09:30:00,173.0,123.5,49.5,158.85,1.6,100.0,79.05
2025-03-13 09:45:00,194.5,134.25,60.25,179.77499999999998,1.8,100.0,86.57499999999999
2025-03-13 10:00:00,216.0,145.0,71.0,200.7,2.0,100.0,94.1
2025-03-13 10:15:00,233.25,157.0,76.25,202.625,2.25,100.0,101.82499999999999
2025-03-13 10:30:00,250.5,169.0,81.5,204.55,2.5,100.0,109.55
2025-03-13 10:45:00,267.75,181.0,86.75,206.475,2.75,100.0,117.275
2025-03-13 11:00:00,285.0,193.0,92.0,208.4,3.0,100.0,125.0
2025-03-13 11:15:00,293.25,193.75,99.5,217.775,3.125,99.75,126.2
2025-03-13 11:30:00,301.5,194.5,107.0,227.15,3.25,99.5,127.4
2025-03-13 11:45:00,309.75,195.25,114.5,236.525,3.375,99.25,128.60000000000002
2025-03-13 12:00:00,318.0,196.0,122.0,245.9,3.5,99.0,129.8
2025-03-13 12:15:00,316.25,197.25,119.0,237.875,3.55,95.0,130.57500000000002
2025-03-13 12:30:00,314.5,198.5,116.0,229.85000000000002,3.6,91.0,131.35000000000002
2025-03-13 12:45:00,312.75,199.75,113.0,221.82500000000002,3.6500000000000004,87.0,132.125
2025-03-13 13:00:00,311.0,201.0,110.0,213.8,3.7,83.0,132.9
2025-03-13 13:15:00,313.75,183.5,130.25,256.825,3.7750000000000004,80.0,149.65
2025-03-13 13:30:00,316.5,166.0,150.5,299.85,3.85,77.0,166.4
2025-03-13 13:45:00,319.25,148.5,170.75,342.875,3.925,74.0,183.15
2025-03-13 14:00:00,322.0,131.0,191.0,385.9,4.0,71.0,199.9
2025-03-13 14:15:00,323.0,128.0,195.0,407.325,4.15,59.75,232.5
2025-03-13 14:30:00,324.0,125.0,199.0,428.75,4.3,48.5,265.1
2025-03-13 14:45:00,325.0,122.0,203.0,450.175,4.449999999999999,37.25,297.70000000000005
2025-03-13 15:00:00,326.0,119.0,207.0,471.6,4.6,26.0,330.3
2025-03-13 15:15:00,307.5,115.75,191.75,457.85,4.425,32.0,341.35
2025-03-13 15:30:00,289.0,112.5,176.5,444.1,4.25,38.0,352.4
2025-03-13 15:45:00,270.5,109.25,161.25,430.35,4.075,44.0,363.45
2025-03-13 16:00:00,252.0,106.0,146.0,416.6,3.9,50.0,374.5
2025-03-13 16:15:00,227.0,97.5,129.5,397.425,3.775,55.0,367.475
2025-03-13 16:30:00,202.0,89.0,113.0,378.25,3.65,60.0,360.45
2025-03-13 16:45:00,177.0,80.5,96.5,359.075,3.525,65.0,353.42499999999995
2025-03-13 17:00:00,152.0,72.0,80.0,339.9,3.4,70.0,346.4
2025-03-13 17:15:00,126.75,61.25,65.5,299.9,3.225,62.5,307.7
2025-03-13 17:30:00,101.5,50.5,51.0,259.9,3.05,55.0,269.0
2025-03-13 17:45:00,76.25,39.75,36.5,219.9,2.875,47.5,230.29999999999998
2025-03-13 18:00:00,51.0,29.0,22.0,179.9,2.7,40.0,191.6
2025-03-13 18:15:00,38.5,22.0,16.5,134.925,2.5,37.25,143.85
2025-03-13 18:30:00,26.0,15.0,11.0,89.95,2.3,34.5,96.1
2025-03-13 18:45:00,13.5,8.0,5.5,44.974999999999994,2.1,31.75,48.349999999999994
2025-03-13 19:00:00,1.0,1.0,0.0,0.0,1.9,29.0,0.6
2025-03-13 19:15:00,0.75,0.75,0.0,0.0,1.875,44.75,0.44999999999999996
2025-03-13 19:30:00,0.5,0.5,0.0,0.0,1.85,60.5,0.3
2025-03-13 19:45:00,0.25,0.25,0.0,0.0,1.825,76.25,0.15000000000000002
2025-03-13 20:00:00,0.0,0.0,0.0,0.0,1.8,92.0,0.0
2025-03-13 20:15:00,0.0,0.0,0.0,0.0,1.725,94.0,0.0
2025-03-13 20:30:00,0.0,0.0,0.0,0.0,1.65,96.0,0.0
2025-03-13 20:45:00,0.0,0.0,0.0,0.0,1.575,98.0,0.0
2025-03-13 21:00:00,0.0,0.0,0.0,0.0,1.5,100.0,0.0
2025-03-13 21:15:00,0.0,0.0,0.0,0.0,1.55,100.0,0.0
2025-03-13 21:30:00,0.0,0.0,0.0,0.0,1.6,100.0,0.0
2025-03-13 21:45:00,0.0,0.0,0.0,0.0,1.65,100.0,0.0
2025-03-13 22:00:00,0.0,0.0,0.0,0.0,1.7,100.0,0.0
2025-03-13 22:15:00,0.0,0.0,0.0,0.0,1.65,98.5,0.0
2025-03-13 22:30:00,0.0,0.0,0.0,0.0,1.6,97.0,0.0
2025-03-13 22:45:00,0.0,0.0,0.0,0.0,1.55,95.5,0.0
2025-03-13 23:00:00,0.0,0.0,0.0,0.0,1.5,94.0,0.0
2025-03-13 23:15:00,0.0,0.0,0.0,0.0,1.4,95.5,0.0
2025-03-13 23:30:00,0.0,0.0,0.0,0.0,1.3,97.0,0.0
2025-03-13 23:45:00,0.0,0.0,0.0,0.0,1.2000000000000002,98.5,0.0
2025-03-14 00:00:00,0.0,0.0,0.0,0.0,1.1,100.0,0.0
2025-03-14 00:15:00,0.0,0.0,0.0,0.0,1.0,100.0,0.0
2025-03-14 00:30:00,0.0,0.0,0.0,0.0,0.9,100.0,0.0
2025-03-14 00:45:00,0.0,0.0,0.0,0.0,0.8,100.0,0.0
2025-03-14 01:00:00,0.0,0.0,0.0,0.0,0.7,100.0,0.0
2025-03-14 01:15:00,0.0,0.0,0.0,0.0,0.75,100.0,0.0
2025-03-14 01:30:00,0.0,0.0,0.0,0.0,0.8,100.0,0.0
2025-03-14 01:45:00,0.0,0.0,0.0,0.0,0.85,100.0,0.0
2025-03-14 02:00:00,0.0,0.0,0.0,0.0,0.9,100.0,0.0
2025-03-14 02:15:00,0.0,0.0,0.0,0.0,0.825,99.75,0.0
2025-03-14 02:30:00,0.0,0.0,0.0,0.0,0.75,99.5,0.0
2025-03-14 02:45:00,0.0,0.0,0.0,0.0,0.675,99.25,0.0
2025-03-14 03:00:00,0.0,0.0,0.0,0.0,0.6,99.0,0.0
2025-03-14 03:15:00,0.0,0.0,0.0,0.0,0.575,99.25,0.0
2025-03-14 03:30:00,0.0,0.0,0.0,0.0,0.55,99.5,0.0
2025-03-14 03:45:00,0.0,0.0,0.0,0.0,0.525,99.75,0.0
2025-03-14 04:00:00,0.0,0.0,0.0,0.0,0.5,100.0,0.0
2025-03-14 04:15:00,0.0,0.0,0.0,0.0,0.425,85.5,0.0
2025-03-14 04:30:00,0.0,0.0,0.0,0.0,0.35,71.0,0.0
2025-03-14 04:45:00,0.0,0.0,0.0,0.0,0.275,56.5,0.0
2025-03-14 05:00:00,0.0,0.0,0.0,0.0,0.2,42.0,0.0
2025-03-14 05:15:00,0.0,0.0,0.0,0.0,-0.07500000000000001,37.25,0.0
2025-03-14 05:30:00,0.0,0.0,0.0,0.0,-0.35000000000000003,32.5,0.0
2025-03-14 05:45:00,0.0,0.0,0.0,0.0,-0.625,27.75,0.0
2025-03-14 06:00:00,0.0,0.0,0.0,0.0,-0.9,23.0,0.0
2025-03-14 06:15:00,0.75,0.5,0.25,4.4,-1.125,23.75,0.325
2025-03-14 06:30:00,1.5,1.0,0.5,8.8,-1.35,24.5,0.65
2025-03-14 06:45:00,2.25,1.5,0.75,13.200000000000001,-1.5750000000000002,25.25,0.9750000000000001
2025-03-14 07:00:00,3.0,2.0,1.0,17.6,-1.8,26.0,1.3
2025-03-14 07:15:00,22.5,9.75,12.75,107.275,-1.575,43.75,7.125
2025-03-14 07:30:00,42.0,17.5,24.5,196.95,-1.35,61.5,12.950000000000001
2025-03-14 07:45:00,61.5,25.25,36.25,286.625,-1.125,79.25,18.775000000000002
2025-03-14 08:00:00,81.0,33.0,48.0,376.3,-0.9,97.0,24.6
2025-03-14 08:15:00,108.75,46.75,62.0,388.025,-0.525,97.75,34.25
2025-03-14 08:30:00,136.5,60.5,76.0,399.75,-0.15000000000000002,98.5,43.900000000000006
2025-03-14 08:45:00,164.25,74.25,90.0,411.475,0.22499999999999998,99.25,53.550000000000004
2025-03-14 09:00:00,192.0,88.0,104.0,423.2,0.6,100.0,63.2
2025-03-14 09:15:00,219.25,99.0,120.25,434.725,0.85,100.0,71.425
2025-03-14 09:30:00,246.5,110.0,136.5,446.25,1.1,100.0,79.65
2025-03-14 09:45:00,273.75,121.0,152.75,457.775,1.35,100.0,87.875
2025-03-14 10:00:00,301.0,132.0,169.0,469.3,1.6,100.0,96.1
2025-03-14 10:15:00,322.0,138.75,183.25,478.2,1.75,100.0,101.57499999999999
2025-03-14 10:30:00,343.0,145.5,197.5,487.1,1.9000000000000001,100.0,107.05
2025-03-14 10:45:00,364.0,152.25,211.75,496.0,2.0500000000000003,100.0,112.525
2025-03-14 11:00:00,385.0,159.0,226.0,504.9,2.2,100.0,118.0
2025-03-14 11:15:00,400.25,165.25,235.0,509.075,2.3000000000000003,95.75,122.65
2025-03-14 11:30:00,415.5,171.5,244.0,513.25,2.4000000000000004,91.5,127.3
2025-03-14 11:45:00,430.75,177.75,253.0,517.425,2.5,87.25,131.95
2025-03-14 12:00:00,446.0,184.0,262.0,521.6,2.6,83.0,136.6
2025-03-14 12:15:00,459.0,174.25,284.75,560.8,2.675,73.0,134.275
2025-03-14 12:30:00,472.0,164.5,307.5,600.0,2.75,63.0,131.95
2025-03-14 12:45:00,485.0,154.75,330.25,639.2,2.825,53.0,129.625
2025-03-14 13:00:00,498.0,145.0,353.0,678.4,2.9,43.0,127.3
2025-03-14 13:15:00,475.0,154.5,320.5,620.15,2.825,48.5,158.125
2025-03-14 13:30:00,452.0,164.0,288.0,561.9,2.75,54.0,188.95
2025-03-14 13:45:00,429.0,173.5,255.5,503.65,2.675,59.5,219.77499999999998
2025-03-14 14:00:00,406.0,183.0,223.0,445.4,2.6,65.0,250.6
2025-03-14 14:15:00,401.75,170.0,231.75,479.15,2.6,57.75,287.525
2025-03-14 14:30:00,397.5,157.0,240.5,512.9,2.6,50.5,324.45
2025-03-14 14:45:00,393.25,144.0,249.25,546.65,2.6,43.25,361.375
2025-03-14 15:00:00,389.0,131.0,258.0,580.4,2.6,36.0,398.3
2025-03-14 15:15:00,369.75,122.0,247.75,587.775,2.55,28.25,426.975
2025-03-14 15:30:00,350.5,113.0,237.5,595.15,2.5,20.5,455.65
2025-03-14 15:45:00,331.25,104.0,227.25,602.525,2.45,12.75,484.325
2025-03-14 16:00:00,312.0,95.0,217.0,609.9,2.4,5.0,513.0
2025-03-14 16:15:00,285.5,85.75,199.75,611.225,2.3,3.75,530.85
2025-03-14 16:30:00,259.0,76.5,182.5,612.55,2.2,2.5,548.7
2025-03-14 16:45:00,232.5,67.25,165.25,613.875,2.1,1.25,566.55
2025-03-14 17:00:00,206.0,58.0,148.0,615.2,2.0,0.0,584.4
2025-03-14 17:15:00,173.25,51.25,122.0,549.475,1.75,0.0,528.45
2025-03-14 17:30:00,140.5,44.5,96.0,483.75,1.5,0.0,472.5
2025-03-14 17:45:00,107.75,37.75,70.0,418.02500000000003,1.25,0.0,416.55
2025-03-14 18:00:00,75.0,31.0,44.0,352.3,1.0,0.0,360.6
2025-03-14 18:15:00,56.75,23.75,33.0,264.225,0.7,0.0,270.75
2025-03-14 18:30:00,38.5,16.5,22.0,176.15,0.4,0.0,180.9
2025-03-14 18:45:00,20.25,9.25,11.0,88.07499999999999,0.10000000000000009,0.0,91.05000000000001
2025-03-14 19:00:00,2.0,2.0,0.0,0.0,-0.2,0.0,1.2
2025-03-14 19:15:00,1.5,1.5,0.0,0.0,-0.375,0.0,0.8999999999999999
2025-03-14 19:30:00,1.0,1.0,0.0,0.0,-0.55,0.0,0.6
2025-03-14 19:45:00,0.5,0.5,0.0,0.0,-0.7249999999999999,0.0,0.30000000000000004
2025-03-14 20:00:00,0.0,0.0,0.0,0.0,-0.9,0.0,0.0
2025-03-14 20:15:00,0.0,0.0,0.0,0.0,-1.075,0.0,0.0
2025-03-14 20:30:00,0.0,0.0,0.0,0.0,-1.25,0.0,0.0
2025-03-14 20:45:00,0.0,0.0,0.0,0.0,-1.425,0.0,0.0
2025-03-14 21:00:00,0.0,0.0,0.0,0.0,-1.6,0.0,0.0
2025-03-14 21:15:00,0.0,0.0,0.0,0.0,-1.5750000000000002,0.0,0.0
2025-03-14 21:30:00,0.0,0.0,0.0,0.0,-1.55,0.0,0.0
2025-03-14 21:45:00,0.0,0.0,0.0,0.0,-1.525,0.0,0.0
2025-03-14 22:00:00,0.0,0.0,0.0,0.0,-1.5,0.0,0.0
2025-03-14 22:15:00,0.0,0.0,0.0,0.0,-1.5,0.0,0.0
2025-03-14 22:30:00,0.0,0.0,0.0,0.0,-1.5,0.0,0.0
2025-03-14 22:45:00,0.0,0.0,0.0,0.0,-1.5,0.0,0.0
2025-03-14 23:00:00,0.0,0.0,0.0,0.0,-1.5,0.0,0.0
2025-03-14 23:15:00,0.0,0.0,0.0,0.0,-1.575,0.0,0.0
2025-03-14 23:30:00,0.0,0.0,0.0,0.0,-1.65,0.0,0.0
2025-03-14 23:45:00,0.0,0.0,0.0,0.0,-1.725,0.0,0.0
2025-03-15 00:00:00,0.0,0.0,0.0,0.0,-1.8,0.0,0.0
2025-03-15 00:15:00,0.0,0.0,0.0,0.0,-1.9000000000000001,0.0,0.0
2025-03-15 00:30:00,0.0,0.0,0.0,0.0,-2.0,0.0,0.0
2025-03-15 00:45:00,0.0,0.0,0.0,0.0,-2.1,0.0,0.0
2025-03-15 01:00:00,0.0,0.0,0.0,0.0,-2.2,0.0,0.0
2025-03-15 01:15:00,0.0,0.0,0.0,0.0,-2.4000000000000004,0.0,0.0
2025-03-15 01:30:00,0.0,0.0,0.0,0.0,-2.6,0.0,0.0
2025-03-15 01:45:00,0.0,0.0,0.0,0.0,-2.8,0.0,0.0
2025-03-15 02:00:00,0.0,0.0,0.0,0.0,-3.0,0.0,0.0
2025-03-15 02:15:00,0.0,0.0,0.0,0.0,-3.025,0.0,0.0
2025-03-15 02:30:00,0.0,0.0,0.0,0.0,-3.05,0.0,0.0
2025-03-15 02:45:00,0.0,0.0,0.0,0.0,-3.075,0.0,0.0
2025-03-15 03:00:00,0.0,0.0,0.0,0.0,-3.1,0.0,0.0
2025-03-15 03:15:00,0.0,0.0,0.0,0.0,-3.15,0.0,0.0
2025-03-15 03:30:00,0.0,0.0,0.0,0.0,-3.2,0.0,0.0
2025-03-15 03:45:00,0.0,0.0,0.0,0.0,-3.25,0.0,0.0
2025-03-15 04:00:00,0.0,0.0,0.0,0.0,-3.3,0.0,0.0
2025-03-15 04:15:00,0.0,0.0,0.0,0.0,-3.3249999999999997,0.0,0.0
2025-03-15 04:30:00,0.0,0.0,0.0,0.0,-3.3499999999999996,0.0,0.0
2025-03-15 04:45:00,0.0,0.0,0.0,0.0,-3.375,0.0,0.0
2025-03-15 05:00:00,0.0,0.0,0.0,0.0,-3.4,0.0,0.0
2025-03-15 05:15:00,0.0,0.0,0.0,0.0,-3.45,0.0,0.0
2025-03-15 05:30:00,0.0,0.0,0.0,0.0,-3.5,0.0,0.0
2025-03-15 05:45:00,0.0,0.0,0.0,0.0,-3.55,0.0,0.0
2025-03-15 06:00:00,0.0,0.0,0.0,0.0,-3.6,0.0,0.0
2025-03-15 06:15:00,1.0,0.75,0.25,4.15,-3.55,0.0,0.475
2025-03-15 06:30:00,2.0,1.5,0.5,8.3,-3.5,0.0,0.95
2025-03-15 06:45:00,3.0,2.25,0.75,12.450000000000001,-3.45,0.0,1.4249999999999998
2025-03-15 07:00:00,4.0,3.0,1.0,16.6,-3.4,0.0,1.9
2025-03-15 07:15:00,24.0,10.75,13.25,108.0,-2.8499999999999996,0.0,7.775
2025-03-15 07:30:00,44.0,18.5,25.5,199.39999999999998,-2.3,0.0,13.65
2025-03-15 07:45:00,64.0,26.25,37.75,290.8,-1.7499999999999998,0.0,19.525
2025-03-15 08:00:00,84.0,34.0,50.0,382.2,-1.2,0.0,25.4
2025-03-15 08:15:00,118.5,39.75,78.75,450.22499999999997,-0.6,0.0,31.725
2025-03-15 08:30:00,153.0,45.5,107.5,518.25,0.0,0.0,38.05
2025-03-15 08:45:00,187.5,51.25,136.25,586.275,0.5999999999999999,0.0,44.375
2025-03-15 09:00:00,222.0,57.0,165.0,654.3,1.2,0.0,50.7
2025-03-15 09:15:00,255.0,60.0,195.0,685.15,1.675,0.0,55.5
2025-03-15 09:30:00,288.0,63.0,225.0,716.0,2.15,0.0,60.300000000000004
2025-03-15 09:45:00,321.0,66.0,255.0,746.85,2.625,0.0,65.10000000000001
2025-03-15 10:00:00,354.0,69.0,285.0,777.7,3.1,0.0,69.9
2025-03-15 10:15:00,380.25,71.0,309.25,793.7,3.4,0.0,73.525
2025-03-15 10:30:00,406.5,73.0,333.5,809.7,3.7,0.0,77.15
2025-03-15 10:45:00,432.75,75.0,357.75,825.7,4.0,0.0,80.775
2025-03-15 11:00:00,459.0,77.0,382.0,841.7,4.3,0.0,84.4
2025-03-15 11:15:00,475.25,78.0,397.25,849.1500000000001,4.55,0.0,86.525
2025-03-15 11:30:00,491.5,79.0,412.5,856.6,4.8,0.0,88.65
2025-03-15 11:45:00,507.75,80.0,427.75,864.05,5.05,0.0,90.775
2025-03-15 12:00:00,524.0,81.0,443.0,871.5,5.3,0.0,92.9
2025-03-15 12:15:00,527.5,83.5,444.0,865.975,5.475,2.25,96.35000000000001
2025-03-15 12:30:00,531.0,86.0,445.0,860.45,5.65,4.5,99.80000000000001
2025-03-15 12:45:00,534.5,88.5,446.0,854.925,5.825,6.75,103.25
2025-03-15 13:00:00,538.0,91.0,447.0,849.4,6.0,9.0,106.7
2025-03-15 13:15:00,523.25,97.25,426.0,816.275,6.225,8.5,154.425
2025-03-15 13:30:00,508.5,103.5,405.0,783.15,6.45,8.0,202.15000000000003
2025-03-15 13:45:00,493.75,109.75,384.0,750.025,6.675000000000001,7.5,249.875
2025-03-15 14:00:00,479.0,116.0,363.0,716.9,6.9,7.0,297.6
2025-03-15 14:15:00,454.5,117.25,337.25,682.1,6.95,30.25,321.175
2025-03-15 14:30:00,430.0,118.5,311.5,647.3,7.0,53.5,344.75
2025-03-15 14:45:00,405.5,119.75,285.75,612.5,7.05,76.75,368.325
2025-03-15 15:00:00,381.0,121.0,260.0,577.7,7.1,100.0,391.9
2025-03-15 15:15:00,344.75,121.75,223.0,510.80000000000007,6.8999999999999995,100.0,370.625
2025-03-15 15:30:00,308.5,122.5,186.0,443.90000000000003,6.699999999999999,100.0,349.35
2025-03-15 15:45:00,272.25,123.25,149.0,377.0,6.5,100.0,328.075
2025-03-15 16:00:00,236.0,124.0,112.0,310.1,6.3,100.0,306.8
2025-03-15 16:15:00,207.5,118.5,89.0,252.925,6.05,85.0,263.6
2025-03-15 16:30:00,179.0,113.0,66.0,195.75,5.8,70.0,220.4
2025-03-15 16:45:00,150.5,107.5,43.0,138.57500000000002,5.55,55.0,177.2
2025-03-15 17:00:00,122.0,102.0,20.0,81.4,5.3,40.0,134.0
2025-03-15 17:15:00,106.75,86.25,20.5,104.17500000000001,4.85,42.25,148.3
2025-03-15 17:30:00,91.5,70.5,21.0,126.95,4.4,44.5,162.6
2025-03-15 17:45:00,76.25,54.75,21.5,149.725,3.95,46.75,176.89999999999998
2025-03-15 18:00:00,61.0,39.0,22.0,172.5,3.5,49.0,191.2
2025-03-15 18:15:00,46.25,29.75,16.5,129.375,3.15,61.75,143.7
2025-03-15 18:30:00,31.5,20.5,11.0,86.25,2.8,74.5,96.19999999999999
2025-03-15 18:45:00,16.75,11.25,5.5,43.125,2.45,87.25,48.69999999999999
2025-03-15 19:00:00,2.0,2.0,0.0,0.0,2.1,100.0,1.2
2025-03-15 19:15:00,1.5,1.5,0.0,0.0,2.1,78.5,0.8999999999999999
2025-03-15 19:30:00,1.0,1.0,0.0,0.0,2.1,57.0,0.6
2025-03-15 19:45:00,0.5,0.5,0.0,0.0,2.1,35.5,0.30000000000000004
2025-03-15 20:00:00,0.0,0.0,0.0,0.0,2.1,14.0,0.0
2025-03-15 20:15:00,0.0,0.0,0.0,0.0,1.85,13.5,0.0
2025-03-15 20:30:00,0.0,0.0,0.0,0.0,1.6,13.0,0.0
2025-03-15 20:45:00,0.0,0.0,0.0,0.0,1.35,12.5,0.0
2025-03-15 21:00:00,0.0,0.0,0.0,0.0,1.1,12.0,0.0
2025-03-15 21:15:00,0.0,0.0,0.0,0.0,0.9750000000000001,13.75,0.0
2025-03-15 21:30:00,0.0,0.0,0.0,0.0,0.8500000000000001,15.5,0.0
2025-03-15 21:45:00,0.0,0.0,0.0,0.0,0.725,17.25,0.0
2025-03-15 22:00:00,0.0,0.0,0.0,0.0,0.6,19.0,0.0
2025-03-15 22:15:00,0.0,0.0,0.0,0.0,0.55,18.5,0.0
2025-03-15 22:30:00,0.0,0.0,0.0,0.0,0.5,18.0,0.0
2025-03-15 22:45:00,0.0,0.0,0.0,0.0,0.45,17.5,0.0
2025-03-15 23:00:00,0.0,0.0,0.0,0.0,0.4,17.0,0.0
2025-03-15 23:15:00,0.0,0.0,0.0,0.0,0.4,13.75,0.0
2025-03-15 23:30:00,0.0,0.0,0.0,0.0,0.4,10.5,0.0
2025-03-15 23:45:00,0.0,0.0,0.0,0.0,0.4,7.25,0.0
2025-03-16 00:00:00,0.0,0.0,0.0,0.0,0.4,4.0,0.0
2025-03-16 00:15:00,0.0,0.0,0.0,0.0,0.475,10.5,0.0
2025-03-16 00:30:00,0.0,0.0,0.0,0.0,0.55,17.0,0.0
2025-03-16 00:45:00,0.0,0.0,0.0,0.0,0.625,23.5,0.0
2025-03-16 01:00:00,0.0,0.0,0.0,0.0,0.7,30.0,0.0
2025-03-16 01:15:00,0.0,0.0,0.0,0.0,0.8999999999999999,31.5,0.0
2025-03-16 01:30:00,0.0,0.0,0.0,0.0,1.1,33.0,0.0
2025-03-16 01:45:00,0.0,0.0,0.0,0.0,1.3,34.5,0.0
2025-03-16 02:00:00,0.0,0.0,0.0,0.0,1.5,36.0,0.0
2025-03-16 02:15:00,0.0,0.0,0.0,0.0,1.575,52.0,0.0
2025-03-16 02:30:00,0.0,0.0,0.0,0.0,1.65,68.0,0.0
2025-03-16 02:45:00,0.0,0.0,0.0,0.0,1.725,84.0,0.0
2025-03-16 03:00:00,0.0,0.0,0.0,0.0,1.8,100.0,0.0
2025-03-16 03:15:00,0.0,0.0,0.0,0.0,2.0,100.0,0.0
2025-03-16 03:30:00,0.0,0.0,0.0,0.0,2.2,100.0,0.0
2025-03-16 03:45:00,0.0,0.0,0.0,0.0,2.4000000000000004,100.0,0.0
2025-03-16 04:00:00,0.0,0.0,0.0,0.0,2.6,100.0,0.0
2025-03-16 04:15:00,0.0,0.0,0.0,0.0,2.725,100.0,0.0
2025-03-16 04:30:00,0.0,0.0,0.0,0.0,2.85,100.0,0.0
2025-03-16 04:45:00,0.0,0.0,0.0,0.0,2.975,100.0,0.0
2025-03-16 05:00:00,0.0,0.0,0.0,0.0,3.1,100.0,0.0
2025-03-16 05:15:00,0.0,0.0,0.0,0.0,3.225,100.0,0.0
2025-03-16 05:30:00,0.0,0.0,0.0,0.0,3.35,100.0,0.0
2025-03-16 05:45:00,0.0,0.0,0.0,0.0,3.475,100.0,0.0
2025-03-16 06:00:00,0.0,0.0,0.0,0.0,3.6,100.0,0.0
2025-03-16 06:15:00,0.5,0.5,0.0,0.0,3.75,100.0,0.3
2025-03-16 06:30:00,1.0,1.0,0.0,0.0,3.9000000000000004,100.0,0.6
2025-03-16 06:45:00,1.5,1.5,0.0,0.0,4.05,100.0,0.8999999999999999
2025-03-16 07:00:00,2.0,2.0,0.0,0.0,4.2,100.0,1.2
2025-03-16 07:15:00,9.5,9.25,0.25,1.875,4.4,100.0,5.575
2025-03-16 07:30:00,17.0,16.5,0.5,3.75,4.6,100.0,9.95
2025-03-16 07:45:00,24.5,23.75,0.75,5.625,4.8,100.0,14.325
2025-03-16 08:00:00,32.0,31.0,1.0,7.5,5.0,100.0,18.7
2025-03-16 08:15:00,47.0,44.75,2.25,11.425,5.275,96.75,27.075
2025-03-16 08:30:00,62.0,58.5,3.5,15.35,5.55,93.5,35.45
2025-03-16 08:45:00,77.0,72.25,4.75,19.275,5.824999999999999,90.25,43.825
2025-03-16 09:00:00,92.0,86.0,6.0,23.2,6.1,87.0,52.2
2025-03-16 09:15:00,124.75,96.5,28.25,81.10000000000001,6.324999999999999,90.0,60.725
2025-03-16 09:30:00,157.5,107.0,50.5,139.0,6.55,93.0,69.25
2025-03-16 09:45:00,190.25,117.5,72.75,196.9,6.775,96.0,77.775
2025-03-16 10:00:00,223.0,128.0,95.0,254.8,7.0,99.0,86.3
2025-03-16 10:15:00,237.0,138.75,98.25,249.775,7.125,99.25,93.075
2025-03-16 10:30:00,251.0,149.5,101.5,244.75,7.25,99.5,99.85
2025-03-16 10:45:00,265.0,160.25,104.75,239.725,7.375,99.75,106.625
2025-03-16 11:00:00,279.0,171.0,108.0,234.7,7.5,100.0,113.4
2025-03-16 11:15:00,285.25,180.25,105.0,222.67499999999998,7.675,100.0,118.65
2025-03-16 11:30:00,291.5,189.5,102.0,210.64999999999998,7.85,100.0,123.9
2025-03-16 11:45:00,297.75,198.75,99.0,198.625,8.024999999999999,100.0,129.15
2025-03-16 12:00:00,304.0,208.0,96.0,186.6,8.2,100.0,134.4
2025-03-16 12:15:00,301.75,211.25,90.5,174.725,8.35,100.0,136.15
2025-03-16 12:30:00,299.5,214.5,85.0,162.85,8.5,100.0,137.9
2025-03-16 12:45:00,297.25,217.75,79.5,150.975,8.65,100.0,139.65
2025-03-16 13:00:00,295.0,221.0,74.0,139.1,8.8,100.0,141.4
2025-03-16 13:15:00,301.0,216.5,84.5,160.95,8.850000000000001,98.0,154.625
2025-03-16 13:30:00,307.0,212.0,95.0,182.8,8.9,96.0,167.85000000000002
2025-03-16 13:45:00,313.0,207.5,105.5,204.65,8.95,94.0,181.07500000000002
2025-03-16 14:00:00,319.0,203.0,116.0,226.5,9.0,92.0,194.3
2025-03-16 14:15:00,313.75,191.0,122.75,248.35,8.45,82.0,212.47500000000002
2025-03-16 14:30:00,308.5,179.0,129.5,270.2,7.9,72.0,230.65
2025-03-16 14:45:00,303.25,167.0,136.25,292.04999999999995,7.35,62.0,248.825
2025-03-16 15:00:00,298.0,155.0,143.0,313.9,6.8,52.0,267.0
2025-03-16 15:15:00,282.0,146.25,135.75,313.17499999999995,6.675,50.0,276.65
2025-03-16 15:30:00,266.0,137.5,128.5,312.45,6.55,48.0,286.3
2025-03-16 15:45:00,250.0,128.75,121.25,311.725,6.425,46.0,295.95000000000005
2025-03-16 16:00:00,234.0,120.0,114.0,311.0,6.3,44.0,305.6
2025-03-16 16:15:00,221.0,109.25,111.75,337.825,6.0,58.0,334.45000000000005
2025-03-16 16:30:00,208.0,98.5,109.5,364.65,5.699999999999999,72.0,363.3
2025-03-16 16:45:00,195.0,87.75,107.25,391.475,5.3999999999999995,86.0,392.15
2025-03-16 17:00:00,182.0,77.0,105.0,418.3,5.1,100.0,421.0
2025-03-16 17:15:00,150.25,67.5,82.75,344.475,4.875,75.0,351.575
2025-03-16 17:30:00,118.5,58.0,60.5,270.65,4.65,50.0,282.15
2025-03-16 17:45:00,86.75,48.5,38.25,196.825,4.425,25.0,212.72500000000002
2025-03-16 18:00:00,55.0,39.0,16.0,123.0,4.2,0.0,143.3
2025-03-16 18:15:00,42.0,29.75,12.25,96.45,3.9000000000000004,0.0,111.97500000000001
2025-03-16 18:30:00,29.0,20.5,8.5,69.9,3.6,0.0,80.65
2025-03-16 18:45:00,16.0,11.25,4.75,43.349999999999994,3.3,0.0,49.325
2025-03-16 19:00:00,3.0,2.0,1.0,16.8,3.0,0.0,18.0
2025-03-16 19:15:00,2.25,1.5,0.75,12.600000000000001,2.925,0.0,13.5
2025-03-16 19:30:00,1.5,1.0,0.5,8.4,2.85,0.0,9.0
2025-03-16 19:45:00,0.75,0.5,0.25,4.199999999999999,2.7750000000000004,0.0,4.5
2025-03-16 20:00:00,0.0,0.0,0.0,0.0,2.7,0.0,0.0
2025-03-16 20:15:00,0.0,0.0,0.0,0.0,2.625,0.0,0.0
2025-03-16 20:30:00,0.0,0.0,0.0,0.0,2.55,0.0,0.0
2025-03-16 20:45:00,0.0,0.0,0.0,0.0,2.475,0.0,0.0
2025-03-16 21:00:00,0.0,0.0,0.0,0.0,2.4,0.0,0.0
2025-03-16 21:15:00,0.0,0.0,0.0,0.0,2.275,0.0,0.0
2025-03-16 21:30:00,0.0,0.0,0.0,0.0,2.15,0.0,0.0
2025-03-16 21:45:00,0.0,0.0,0.0,0.0,2.025,0.0,0.0
2025-03-16 22:00:00,0.0,0.0,0.0,0.0,1.9,0.0,0.0
2025-03-16 22:15:00,0.0,0.0,0.0,0.0,1.825,0.0,0.0
2025-03-16 22:30:00,0.0,0.0,0.0,0.0,1.75,0.0,0.0
2025-03-16 22:45:00,0.0,0.0,0.0,0.0,1.675,0.0,0.0
2025-03-16 23:00:00,0.0,0.0,0.0,0.0,1.6,0.0,0.0
2025-03-16 23:15:00,0.0,0.0,0.0,0.0,1.5750000000000002,0.0,0.0
2025-03-16 23:30:00,0.0,0.0,0.0,0.0,1.55,0.0,0.0
2025-03-16 23:45:00,0.0,0.0,0.0,0.0,1.525,0.0,0.0
2025-03-17 00:00:00,0.0,0.0,0.0,0.0,1.5,0.0,0.0
2025-03-17 00:15:00,0.0,0.0,0.0,0.0,1.45,0.0,0.0
2025-03-17 00:30:00,0.0,0.0,0.0,0.0,1.4,0.0,0.0
2025-03-17 00:45:00,0.0,0.0,0.0,0.0,1.35,0.0,0.0
2025-03-17 01:00:00,0.0,0.0,0.0,0.0,1.3,0.0,0.0
2025-03-17 01:15:00,0.0,0.0,0.0,0.0,1.2,4.75,0.0
2025-03-17 01:30:00,0.0,0.0,0.0,0.0,1.1,9.5,0.0
2025-03-17 01:45:00,0.0,0.0,0.0,0.0,1.0,14.25,0.0
2025-03-17 02:00:00,0.0,0.0,0.0,0.0,0.9,19.0,0.0
2025-03-17 02:15:00,0.0,0.0,0.0,0.0,0.7250000000000001,20.75,0.0
2025-03-17 02:30:00,0.0,0.0,0.0,0.0,0.55,22.5,0.0
2025-03-17 02:45:00,0.0,0.0,0.0,0.0,0.3750000000000001,24.25,0.0
2025-03-17 03:00:00,0.0,0.0,0.0,0.0,0.2,26.0,0.0
2025-03-17 03:15:00,0.0,0.0,0.0,0.0,0.0,19.5,0.0
2025-03-17 03:30:00,0.0,0.0,0.0,0.0,-0.2,13.0,0.0
2025-03-17 03:45:00,0.0,0.0,0.0,0.0,-0.4000000000000001,6.5,0.0
2025-03-17 04:00:00,0.0,0.0,0.0,0.0,-0.6,0.0,0.0
2025-03-17 04:15:00,0.0,0.0,0.0,0.0,-0.675,0.0,0.0
2025-03-17 04:30:00,0.0,0.0,0.0,0.0,-0.75,0.0,0.0
2025-03-17 04:45:00,0.0,0.0,0.0,0.0,-0.825,0.0,0.0
2025-03-17 05:00:00,0.0,0.0,0.0,0.0,-0.9,0.0,0.0
2025-03-17 05:15:00,0.0,0.0,0.0,0.0,-0.975,1.25,0.0
2025-03-17 05:30:00,0.0,0.0,0.0,0.0,-1.05,2.5,0.0
2025-03-17 05:45:00,0.0,0.0,0.0,0.0,-1.125,3.75,0.0
2025-03-17 06:00:00,0.0,0.0,0.0,0.0,-1.2,5.0,0.0
2025-03-17 06:15:00,1.5,1.0,0.5,7.5,-1.275,4.0,0.65
2025-03-17 06:30:00,3.0,2.0,1.0,15.0,-1.35,3.0,1.3
2025-03-17 06:45:00,4.5,3.0,1.5,22.5,-1.425,2.0,1.9500000000000002
2025-03-17 07:00:00,6.0,4.0,2.0,30.0,-1.5,1.0,2.6
2025-03-17 07:15:00,28.75,12.25,16.5,131.65,-1.225,0.75,9.0
2025-03-17 07:30:00,51.5,20.5,31.0,233.3,-0.95,0.5,15.399999999999999
2025-03-17 07:45:00,74.25,28.75,45.5,334.95000000000005,-0.6749999999999999,0.25,21.8
2025-03-17 08:00:00,97.0,37.0,60.0,436.6,-0.4,0.0,28.2
2025-03-17 08:15:00,131.75,42.75,89.0,493.45000000000005,0.04999999999999993,0.0,34.55
2025-03-17 08:30:00,166.5,48.5,118.0,550.3,0.4999999999999999,0.0,40.9
2025-03-17 08:45:00,201.25,54.25,147.0,607.15,0.9499999999999998,0.0,47.25
2025-03-17 09:00:00,236.0,60.0,176.0,664.0,1.4,0.0,53.6
2025-03-17 09:15:00,268.75,63.0,205.75,692.5,1.725,1.0,58.375
2025-03-17 09:30:00,301.5,66.0,235.5,721.0,2.05,2.0,63.150000000000006
2025-03-17 09:45:00,334.25,69.0,265.25,749.5,2.375,3.0,67.925
2025-03-17 10:00:00,367.0,72.0,295.0,778.0,2.7,4.0,72.7
2025-03-17 10:15:00,392.75,73.75,319.0,793.125,2.9250000000000003,3.25,76.15
2025-03-17 10:30:00,418.5,75.5,343.0,808.25,3.1500000000000004,2.5,79.6
2025-03-17 10:45:00,444.25,77.25,367.0,823.375,3.375,1.75,83.05
2025-03-17 11:00:00,470.0,79.0,391.0,838.5,3.6,1.0,86.5
2025-03-17 11:15:00,486.25,80.25,406.0,845.525,3.825,2.5,88.75
2025-03-17 11:30:00,502.5,81.5,421.0,852.55,4.05,4.0,91.0
2025-03-17 11:45:00,518.75,82.75,436.0,859.575,4.275,5.5,93.25
2025-03-17 12:00:00,535.0,84.0,451.0,866.6,4.5,7.0,95.5
2025-03-17 12:15:00,540.25,84.25,456.0,868.825,4.725,13.25,98.6
2025-03-17 12:30:00,545.5,84.5,461.0,871.05,4.95,19.5,101.7
2025-03-17 12:45:00,550.75,84.75,466.0,873.275,5.175000000000001,25.75,104.80000000000001
2025-03-17 13:00:00,556.0,85.0,471.0,875.5,5.4,32.0,107.9
2025-03-17 13:15:00,548.5,84.75,463.75,870.075,5.550000000000001,25.25,162.20000000000002
2025-03-17 13:30:00,541.0,84.5,456.5,864.65,5.7,18.5,216.5
2025-03-17 13:45:00,533.5,84.25,449.25,859.2249999999999,5.85,11.75,270.8
2025-03-17 14:00:00,526.0,84.0,442.0,853.8,6.0,5.0,325.1
2025-03-17 14:15:00,508.25,83.25,425.0,843.15,6.05,6.25,368.77500000000003
2025-03-17 14:30:00,490.5,82.5,408.0,832.5,6.1,7.5,412.45000000000005
2025-03-17 14:45:00,472.75,81.75,391.0,821.85,6.15,8.75,456.125
2025-03-17 15:00:00,455.0,81.0,374.0,811.2,6.2,10.0,499.8
2025-03-17 15:15:00,428.5,78.75,349.75,794.6500000000001,6.175,8.0,525.8
2025-03-17 15:30:00,402.0,76.5,325.5,778.1,6.15,6.0,551.8
2025-03-17 15:45:00,375.5,74.25,301.25,761.55,6.125,4.0,577.8
2025-03-17 16:00:00,349.0,72.0,277.0,745.0,6.1,2.0,603.8
2025-03-17 16:15:00,316.75,68.75,248.0,715.85,5.925,3.5,602.675
2025-03-17 16:30:00,284.5,65.5,219.0,686.7,5.75,5.0,601.55
2025-03-17 16:45:00,252.25,62.25,190.0,657.55,5.575,6.5,600.425
2025-03-17 17:00:00,220.0,59.0,161.0,628.4,5.4,8.0,599.3
2025-03-17 17:15:00,185.75,53.5,132.25,557.95,5.025,7.25,539.675
2025-03-17 17:30:00,151.5,48.0,103.5,487.5,4.65,6.5,480.04999999999995
2025-03-17 17:45:00,117.25,42.5,74.75,417.05,4.275,5.75,420.425
2025-03-17 18:00:00,83.0,37.0,46.0,346.6,3.9,5.0,360.8
2025-03-17 18:15:00,63.25,28.5,34.75,264.0,3.525,3.75,275.075
2025-03-17 18:30:00,43.5,20.0,23.5,181.4,3.15,2.5,189.35
2025-03-17 18:45:00,23.75,11.5,12.25,98.80000000000001,2.775,1.25,103.625
2025-03-17 19:00:00,4.0,3.0,1.0,16.2,2.4,0.0,17.9
2025-03-17 19:15:00,3.0,2.25,0.75,12.149999999999999,2.175,0.0,13.424999999999999
2025-03-17 19:30:00,2.0,1.5,0.5,8.1,1.95,0.0,8.95
2025-03-17 19:45:00,1.0,0.75,0.25,4.050000000000001,1.725,0.0,4.475
2025-03-17 20:00:00,0.0,0.0,0.0,0.0,1.5,0.0,0.0
2025-03-17 20:15:00,0.0,0.0,0.0,0.0,1.35,0.0,0.0
2025-03-17 20:30:00,0.0,0.0,0.0,0.0,1.2,0.0,0.0
2025-03-17 20:45:00,0.0,0.0,0.0,0.0,1.05,0.0,0.0
2025-03-17 21:00:00,0.0,0.0,0.0,0.0,0.9,0.0,0.0
2025-03-17 21:15:00,0.0,0.0,0.0,0.0,0.85,0.0,0.0
2025-03-17 21:30:00,0.0,0.0,0.0,0.0,0.8,0.0,0.0
2025-03-17 21:45:00,0.0,0.0,0.0,0.0,0.75,0.0,0.0
2025-03-17 22:00:00,0.0,0.0,0.0,0.0,0.7,0.0,0.0
2025-03-17 22:15:00,0.0,0.0,0.0,0.0,0.7,0.0,0.0
2025-03-17 22:30:00,0.0,0.0,0.0,0.0,0.7,0.0,0.0
2025-03-17 22:45:00,0.0,0.0,0.0,0.0,0.7,0.0,0.0
2025-03-17 23:00:00,0.0,0.0,0.0,0.0,0.7,0.0,0.0
2025-03-17 23:15:00,0.0,0.0,0.0,0.0,0.7,0.5,0.0
2025-03-17 23:30:00,0.0,0.0,0.0,0.0,0.7,1.0,0.0
2025-03-17 23:45:00,0.0,0.0,0.0,0.0,0.7,1.5,0.0
2025-03-18 00:00:00,0.0,0.0,0.0,0.0,0.7,2.0,0.0
2025-03-18 00:15:00,0.0,0.0,0.0,0.0,0.7749999999999999,1.5,0.0
2025-03-18 00:30:00,0.0,0.0,0.0,0.0,0.85,1.0,0.0
2025-03-18 00:45:00,0.0,0.0,0.0,0.0,0.925,0.5,0.0
2025-03-18 01:00:00,0.0,0.0,0.0,0.0,1.0,0.0,0.0
2025-03-18 01:15:00,0.0,0.0,0.0,0.0,0.975,0.0,0.0
2025-03-18 01:30:00,0.0,0.0,0.0,0.0,0.95,0.0,0.0
2025-03-18 01:45:00,0.0,0.0,0.0,0.0,0.925,0.0,0.0
2025-03-18 02:00:00,0.0,0.0,0.0,0.0,0.9,0.0,0.0
2025-03-18 02:15:00,0.0,0.0,0.0,0.0,0.9500000000000001,2.5,0.0
2025-03-18 02:30:00,0.0,0.0,0.0,0.0,1.0,5.0,0.0
2025-03-18 02:45:00,0.0,0.0,0.0,0.0,1.05,7.5,0.0
2025-03-18 03:00:00,0.0,0.0,0.0,0.0,1.1,10.0,0.0
2025-03-18 03:15:00,0.0,0.0,0.0,0.0,1.175,32.5,0.0
2025-03-18 03:30:00,0.0,0.0,0.0,0.0,1.25,55.0,0.0
2025-03-18 03:45:00,0.0,0.0,0.0,0.0,1.325,77.5,0.0
2025-03-18 04:00:00,0.0,0.0,0.0,0.0,1.4,100.0,0.0
2025-03-18 04:15:00,0.0,0.0,0.0,0.0,1.5499999999999998,97.5,0.0
2025-03-18 04:30:00,0.0,0.0,0.0,0.0,1.7,95.0,0.0
2025-03-18 04:45:00,0.0,0.0,0.0,0.0,1.85,92.5,0.0
2025-03-18 05:00:00,0.0,0.0,0.0,0.0,2.0,90.0,0.0
2025-03-18 05:15:00,0.0,0.0,0.0,0.0,2.125,85.0,0.0
2025-03-18 05:30:00,0.0,0.0,0.0,0.0,2.25,80.0,0.0
2025-03-18 05:45:00,0.0,0.0,0.0,0.0,2.375,75.0,0.0
2025-03-18 06:00:00,0.0,0.0,0.0,0.0,2.5,70.0,0.0
2025-03-18 06:15:00,1.5,1.25,0.25,3.575,2.525,58.75,0.775
2025-03-18 06:30:00,3.0,2.5,0.5,7.15,2.55,47.5,1.55
2025-03-18 06:45:00,4.5,3.75,0.75,10.725000000000001,2.575,36.25,2.325
2025-03-18 07:00:00,6.0,5.0,1.0,14.3,2.6,25.0,3.1
2025-03-18 07:15:00,24.5,15.0,9.5,72.89999999999999,2.85,23.5,9.95
2025-03-18 07:30:00,43.0,25.0,18.0,131.5,3.1,22.0,16.8
2025-03-18 07:45:00,61.5,35.0,26.5,190.1,3.35,20.5,23.65
2025-03-18 08:00:00,80.0,45.0,35.0,248.7,3.6,19.0,30.5
2025-03-18 08:15:00,110.25,56.75,53.5,286.9,3.975,29.25,39.4
2025-03-18 08:30:00,140.5,68.5,72.0,325.1,4.35,39.5,48.3
2025-03-18 08:45:00,170.75,80.25,90.5,363.3,4.725,49.75,57.199999999999996
2025-03-18 09:00:00,201.0,92.0,109.0,401.5,5.1,60.0,66.1
2025-03-18 09:15:00,230.0,96.0,134.0,436.65,5.375,64.25,71.0
2025-03-18 09:30:00,259.0,100.0,159.0,471.8,5.65,68.5,75.9
2025-03-18 09:45:00,288.0,104.0,184.0,506.95000000000005,5.925,72.75,80.8
2025-03-18 10:00:00,317.0,108.0,209.0,542.1,6.2,77.0,85.7
2025-03-18 10:15:00,329.25,126.0,203.25,505.0,6.4,79.0,95.925
2025-03-18 10:30:00,341.5,144.0,197.5,467.9,6.6,81.0,106.15
2025-03-18 10:45:00,353.75,162.0,191.75,430.8,6.8,83.0,116.375
2025-03-18 11:00:00,366.0,180.0,186.0,393.7,7.0,85.0,126.6
2025-03-18 11:15:00,375.75,183.0,192.75,396.425,7.1,85.0,129.075
2025-03-18 11:30:00,385.5,186.0,199.5,399.15,7.2,85.0,131.55
2025-03-18 11:45:00,395.25,189.0,206.25,401.875,7.300000000000001,85.0,134.025
2025-03-18 12:00:00,405.0,192.0,213.0,404.6,7.4,85.0,136.5
2025-03-18 12:15:00,402.0,199.0,203.0,382.975,7.425000000000001,87.75,140.7
2025-03-18 12:30:00,399.0,206.0,193.0,361.35,7.45,90.5,144.9
2025-03-18 12:45:00,396.0,213.0,183.0,339.725,7.475,93.25,149.10000000000002
2025-03-18 13:00:00,393.0,220.0,173.0,318.1,7.5,96.0,153.3
2025-03-18 13:15:00,364.25,224.75,139.5,257.20000000000005,7.425,97.0,156.85000000000002
2025-03-18 13:30:00,335.5,229.5,106.0,196.3,7.35,98.0,160.4
2025-03-18 13:45:00,306.75,234.25,72.5,135.4,7.275,99.0,163.95
2025-03-18 14:00:00,278.0,239.0,39.0,74.5,7.2,100.0,167.5
2025-03-18 14:15:00,274.0,229.5,44.5,88.575,7.3,96.75,174.025
2025-03-18 14:30:00,270.0,220.0,50.0,102.65,7.4,93.5,180.55
2025-03-18 14:45:00,266.0,210.5,55.5,116.72500000000001,7.5,90.25,187.075
2025-03-18 15:00:00,262.0,201.0,61.0,130.8,7.6,87.0,193.6
2025-03-18 15:15:00,244.25,192.25,52.0,114.67500000000001,7.5249999999999995,90.0,182.6
2025-03-18 15:30:00,226.5,183.5,43.0,98.55000000000001,7.449999999999999,93.0,171.6
2025-03-18 15:45:00,208.75,174.75,34.0,82.425,7.375,96.0,160.6
2025-03-18 16:00:00,191.0,166.0,25.0,66.3,7.3,99.0,149.6
2025-03-18 16:15:00,173.5,149.0,24.5,71.725,7.15,95.75,146.675
2025-03-18 16:30:00,156.0,132.0,24.0,77.15,7.0,92.5,143.75
2025-03-18 16:45:00,138.5,115.0,23.5,82.575,6.85,89.25,140.825
2025-03-18 17:00:00,121.0,98.0,23.0,88.0,6.7,86.0,137.9
2025-03-18 17:15:00,104.75,84.0,20.75,91.875,6.525,82.25,135.05
2025-03-18 17:30:00,88.5,70.0,18.5,95.75,6.35,78.5,132.2
2025-03-18 17:45:00,72.25,56.0,16.25,99.625,6.175,74.75,129.35
2025-03-18 18:00:00,56.0,42.0,14.0,103.5,6.0,71.0,126.5
2025-03-18 18:15:00,43.0,32.25,10.75,81.5,5.7,59.0,99.2
2025-03-18 18:30:00,30.0,22.5,7.5,59.5,5.4,47.0,71.9
2025-03-18 18:45:00,17.0,12.75,4.25,37.5,5.1,35.0,44.599999999999994
2025-03-18 19:00:00,4.0,3.0,1.0,15.5,4.8,23.0,17.3
2025-03-18 19:15:00,3.0,2.25,0.75,11.625,4.5,19.25,12.975000000000001
2025-03-18 19:30:00,2.0,1.5,0.5,7.75,4.2,15.5,8.65
2025-03-18 19:45:00,1.0,0.75,0.25,3.875,3.9,11.75,4.324999999999999
2025-03-18 20:00:00,0.0,0.0,0.0,0.0,3.6,8.0,0.0
2025-03-18 20:15:00,0.0,0.0,0.0,0.0,3.375,6.0,0.0
2025-03-18 20:30:00,0.0,0.0,0.0,0.0,3.1500000000000004,4.0,0.0
2025-03-18 20:45:00,0.0,0.0,0.0,0.0,2.9250000000000003,2.0,0.0
2025-03-18 21:00:00,0.0,0.0,0.0,0.0,2.7,0.0,0.0
2025-03-18 21:15:00,0.0,0.0,0.0,0.0,2.5250000000000004,1.75,0.0
2025-03-18 21:30:00,0.0,0.0,0.0,0.0,2.35,3.5,0.0
2025-03-18 21:45:00,0.0,0.0,0.0,0.0,2.175,5.25,0.0
2025-03-18 22:00:00,0.0,0.0,0.0,0.0,2.0,7.0,0.0
2025-03-18 22:15:00,0.0,0.0,0.0,0.0,1.9,7.0,0.0
2025-03-18 22:30:00,0.0,0.0,0.0,0.0,1.8,7.0,0.0
2025-03-18 22:45:00,0.0,0.0,0.0,0.0,1.7000000000000002,7.0,0.0
2025-03-18 23:00:00,0.0,0.0,0.0,0.0,1.6,7.0,0.0
2025-03-18 23:15:00,0.0,0.0,0.0,0.0,1.6,5.5,0.0
2025-03-18 23:30:00,0.0,0.0,0.0,0.0,1.6,4.0,0.0
2025-03-18 23:45:00,0.0,0.0,0.0,0.0,1.6,2.5,0.0
2025-03-19 00:00:00,0.0,0.0,0.0,0.0,1.6,1.0,0.0
2025-03-19 00:15:00,0.0,0.0,0.0,0.0,1.6,0.75,0.0
2025-03-19 00:30:00,0.0,0.0,0.0,0.0,1.6,0.5,0.0
2025-03-19 00:45:00,0.0,0.0,0.0,0.0,1.6,0.25,0.0
2025-03-19 01:00:00,0.0,0.0,0.0,0.0,1.6,0.0,0.0
2025-03-19 01:15:00,0.0,0.0,0.0,0.0,1.775,0.0,0.0
2025-03-19 01:30:00,0.0,0.0,0.0,0.0,1.95,0.0,0.0
2025-03-19 01:45:00,0.0,0.0,0.0,0.0,2.125,0.0,0.0
2025-03-19 02:00:00,0.0,0.0,0.0,0.0,2.3,0.0,0.0
2025-03-19 02:15:00,0.0,0.0,0.0,0.0,2.2249999999999996,0.0,0.0
2025-03-19 02:30:00,0.0,0.0,0.0,0.0,2.15,0.0,0.0
2025-03-19 02:45:00,0.0,0.0,0.0,0.0,2.075,0.0,0.0
2025-03-19 03:00:00,0.0,0.0,0.0,0.0,2.0,0.0,0.0
2025-03-19 03:15:00,0.0,0.0,0.0,0.0,2.025,1.0,0.0
2025-03-19 03:30:00,0.0,0.0,0.0,0.0,2.05,2.0,0.0
2025-03-19 03:45:00,0.0,0.0,0.0,0.0,2.075,3.0,0.0
2025-03-19 04:00:00,0.0,0.0,0.0,0.0,2.1,4.0,0.0
2025-03-19 04:15:00,0.0,0.0,0.0,0.0,2.075,3.0,0.0
2025-03-19 04:30:00,0.0,0.0,0.0,0.0,2.05,2.0,0.0
2025-03-19 04:45:00,0.0,0.0,0.0,0.0,2.025,1.0,0.0
2025-03-19 05:00:00,0.0,0.0,0.0,0.0,2.0,0.0,0.0
2025-03-19 05:15:00,0.0,0.0,0.0,0.0,1.975,0.0,0.0
2025-03-19 05:30:00,0.0,0.0,0.0,0.0,1.95,0.0,0.0
2025-03-19 05:45:00,0.0,0.0,0.0,0.0,1.9249999999999998,0.0,0.0
2025-03-19 06:00:00,0.0,0.0,0.0,0.0,1.9,0.0,0.0
2025-03-19 06:15:00,2.5,1.75,0.75,10.25,1.9,0.0,1.125
2025-03-19 06:30:00,5.0,3.5,1.5,20.5,1.9,0.0,2.25
2025-03-19 06:45:00,7.5,5.25,2.25,30.75,1.9,0.0,3.375
2025-03-19 07:00:00,10.0,7.0,3.0,41.0,1.9,0.0,4.5
2025-03-19 07:15:00,33.75,15.75,18.0,139.625,2.175,0.0,11.25
2025-03-19 07:30:00,57.5,24.5,33.0,238.25,2.45,0.0,18.0
2025-03-19 07:45:00,81.25,33.25,48.0,336.875,2.725,0.0,24.75
2025-03-19 08:00:00,105.0,42.0,63.0,435.5,3.0,0.0,31.5
2025-03-19 08:15:00,138.75,48.0,90.75,483.15,3.45,0.75,37.875
2025-03-19 08:30:00,172.5,54.0,118.5,530.8,3.9,1.5,44.25
2025-03-19 08:45:00,206.25,60.0,146.25,578.45,4.35,2.25,50.625
2025-03-19 09:00:00,240.0,66.0,174.0,626.1,4.8,3.0,57.0
2025-03-19 09:15:00,272.75,69.0,203.75,656.5,5.1,3.0,61.775
2025-03-19 09:30:00,305.5,72.0,233.5,686.9000000000001,5.4,3.0,66.55
2025-03-19 09:45:00,338.25,75.0,263.25,717.3000000000001,5.7,3.0,71.32499999999999
2025-03-19 10:00:00,371.0,78.0,293.0,747.7,6.0,3.0,76.1
2025-03-19 10:15:00,397.25,79.5,317.75,765.5,6.3,2.25,79.475
2025-03-19 10:30:00,423.5,81.0,342.5,783.3,6.6,1.5,82.85
2025-03-19 10:45:00,449.75,82.5,367.25,801.1,6.9,0.75,86.225
2025-03-19 11:00:00,476.0,84.0,392.0,818.9,7.2,0.0,89.6
2025-03-19 11:15:00,492.5,84.0,408.5,829.2,7.525,0.0,91.25
2025-03-19 11:30:00,509.0,84.0,425.0,839.5,7.85,0.0,92.9
2025-03-19 11:45:00,525.5,84.0,441.5,849.8,8.175,0.0,94.55
2025-03-19 12:00:00,542.0,84.0,458.0,860.1,8.5,0.0,96.2
2025-03-19 12:15:00,547.25,84.0,463.25,862.95,8.775,0.0,99.75
2025-03-19 12:30:00,552.5,84.0,468.5,865.8,9.05,0.0,103.30000000000001
2025-03-19 12:45:00,557.75,84.0,473.75,868.65,9.325,0.0,106.85000000000001
2025-03-19 13:00:00,563.0,84.0,479.0,871.5,9.6,0.0,110.4
2025-03-19 13:15:00,557.0,83.75,473.25,869.125,9.725,0.0,165.4
2025-03-19 13:30:00,551.0,83.5,467.5,866.75,9.85,0.0,220.39999999999998
2025-03-19 13:45:00,545.0,83.25,461.75,864.375,9.975,0.0,275.4
2025-03-19 14:00:00,539.0,83.0,456.0,862.0,10.1,0.0,330.4
2025-03-19 14:15:00,521.75,82.0,439.75,853.625,10.2,0.0,375.575
2025-03-19 14:30:00,504.5,81.0,423.5,845.25,10.3,0.0,420.75
2025-03-19 14:45:00,487.25,80.0,407.25,836.875,10.4,0.0,465.925
2025-03-19 15:00:00,470.0,79.0,391.0,828.5,10.5,0.0,511.1
2025-03-19 15:15:00,443.25,77.0,366.25,812.275,10.5,0.0,538.2
2025-03-19 15:30:00,416.5,75.0,341.5,796.05,10.5,0.0,565.3
2025-03-19 15:45:00,389.75,73.0,316.75,779.825,10.5,0.0,592.4
2025-03-19 16:00:00,363.0,71.0,292.0,763.6,10.5,0.0,619.5
2025-03-19 16:15:00,330.0,68.0,262.0,734.025,10.35,0.0,618.65
2025-03-19 16:30:00,297.0,65.0,232.0,704.45,10.2,0.0,617.8
2025-03-19 16:45:00,264.0,62.0,202.0,674.875,10.05,0.0,616.95
2025-03-19 17:00:00,231.0,59.0,172.0,645.3,9.9,0.0,616.1
2025-03-19 17:15:00,196.75,53.5,143.25,587.3,9.35,0.0,568.95
2025-03-19 17:30:00,162.5,48.0,114.5,529.3,8.8,0.0,521.8
2025-03-19 17:45:00,128.25,42.5,85.75,471.3,8.25,0.0,474.65
2025-03-19 18:00:00,94.0,37.0,57.0,413.3,7.7,0.0,427.5
2025-03-19 18:15:00,72.0,28.75,43.25,317.45,7.35,0.0,328.675
2025-03-19 18:30:00,50.0,20.5,29.5,221.6,7.0,0.0,229.85
2025-03-19 18:45:00,28.0,12.25,15.75,125.75,6.65,0.0,131.02499999999998
2025-03-19 19:00:00,6.0,4.0,2.0,29.9,6.3,0.0,32.2
2025-03-19 19:15:00,4.5,3.0,1.5,22.424999999999997,5.875,0.0,24.150000000000002
2025-03-19 19:30:00,3.0,2.0,1.0,14.95,5.449999999999999,0.0,16.1
2025-03-19 19:45:00,1.5,1.0,0.5,7.475000000000001,5.0249999999999995,0.0,8.05
2025-03-19 20:00:00,0.0,0.0,0.0,0.0,4.6,0.0,0.0
2025-03-19 20:15:00,0.0,0.0,0.0,0.0,4.25,0.0,0.0
2025-03-19 20:30:00,0.0,0.0,0.0,0.0,3.9,0.0,0.0
2025-03-19 20:45:00,0.0,0.0,0.0,0.0,3.55,0.0,0.0
2025-03-19 21:00:00,0.0,0.0,0.0,0.0,3.2,0.0,0.0
2025-03-19 21:15:00,0.0,0.0,0.0,0.0,2.85,0.0,0.0
2025-03-19 21:30:00,0.0,0.0,0.0,0.0,2.5,0.0,0.0
2025-03-19 21:45:00,0.0,0.0,0.0,0.0,2.1500000000000004,0.0,0.0
2025-03-19 22:00:00,0.0,0.0,0.0,0.0,1.8,0.0,0.0
2025-03-19 22:15:00,0.0,0.0,0.0,0.0,1.55,0.0,0.0
2025-03-19 22:30:00,0.0,0.0,0.0,0.0,1.3,0.0,0.0
2025-03-19 22:45:00,0.0,0.0,0.0,0.0,1.05,0.0,0.0
2025-03-19 23:00:00,0.0,0.0,0.0,0.0,0.8,0.0,0.0
2025-03-19 23:15:00,0.0,0.0,0.0,0.0,0.65,0.0,0.0
2025-03-19 23:30:00,0.0,0.0,0.0,0.0,0.5,0.0,0.0
2025-03-19 23:45:00,0.0,0.0,0.0,0.0,0.35,0.0,0.0
2025-03-20 00:00:00,0.0,0.0,0.0,0.0,0.2,0.0,0.0
2025-03-20 00:15:00,0.0,0.0,0.0,0.0,0.1,0.25,0.0
2025-03-20 00:30:00,0.0,0.0,0.0,0.0,0.0,0.5,0.0
2025-03-20 00:45:00,0.0,0.0,0.0,0.0,-0.10000000000000003,0.75,0.0
2025-03-20 01:00:00,0.0,0.0,0.0,0.0,-0.2,1.0,0.0
2025-03-20 01:15:00,0.0,0.0,0.0,0.0,-0.15000000000000002,3.5,0.0
2025-03-20 01:30:00,0.0,0.0,0.0,0.0,-0.1,6.0,0.0
2025-03-20 01:45:00,0.0,0.0,0.0,0.0,-0.04999999999999999,8.5,0.0
2025-03-20 02:00:00,0.0,0.0,0.0,0.0,0.0,11.0,0.0
2025-03-20 02:15:00,0.0,0.0,0.0,0.0,-0.05,30.5,0.0
2025-03-20 02:30:00,0.0,0.0,0.0,0.0,-0.1,50.0,0.0
2025-03-20 02:45:00,0.0,0.0,0.0,0.0,-0.15000000000000002,69.5,0.0
2025-03-20 03:00:00,0.0,0.0,0.0,0.0,-0.2,89.0,0.0
2025-03-20 03:15:00,0.0,0.0,0.0,0.0,-0.125,91.75,0.0
2025-03-20 03:30:00,0.0,0.0,0.0,0.0,-0.04999999999999999,94.5,0.0
2025-03-20 03:45:00,0.0,0.0,0.0,0.0,0.025000000000000022,97.25,0.0
2025-03-20 04:00:00,0.0,0.0,0.0,0.0,0.1,100.0,0.0
2025-03-20 04:15:00,0.0,0.0,0.0,0.0,0.17500000000000002,99.25,0.0
2025-03-20 04:30:00,0.0,0.0,0.0,0.0,0.25,98.5,0.0
2025-03-20 04:45:00,0.0,0.0,0.0,0.0,0.32500000000000007,97.75,0.0
2025-03-20 05:00:00,0.0,0.0,0.0,0.0,0.4,97.0,0.0
2025-03-20 05:15:00,0.0,0.0,0.0,0.0,0.45,97.5,0.0
2025-03-20 05:30:00,0.0,0.0,0.0,0.0,0.5,98.0,0.0
2025-03-20 05:45:00,0.0,0.0,0.0,0.0,0.55,98.5,0.0
2025-03-20 06:00:00,0.0,0.0,0.0,0.0,0.6,99.0,0.0
2025-03-20 06:15:00,2.25,2.25,0.0,0.0,0.65,99.25,1.35
2025-03-20 06:30:00,4.5,4.5,0.0,0.0,0.7,99.5,2.7
2025-03-20 06:45:00,6.75,6.75,0.0,0.0,0.75,99.75,4.050000000000001
2025-03-20 07:00:00,9.0,9.0,0.0,0.0,0.8,100.0,5.4
2025-03-20 07:15:00,24.75,23.0,1.75,11.575,1.175,100.0,13.975000000000001
2025-03-20 07:30:00,40.5,37.0,3.5,23.15,1.5499999999999998,100.0,22.550000000000004
2025-03-20 07:45:00,56.25,51.0,5.25,34.724999999999994,1.9249999999999998,100.0,31.125
2025-03-20 08:00:00,72.0,65.0,7.0,46.3,2.3,100.0,39.7
2025-03-20 08:15:00,97.75,80.25,17.5,77.8,2.775,96.75,49.900000000000006
2025-03-20 08:30:00,123.5,95.5,28.0,109.30000000000001,3.25,93.5,60.1
2025-03-20 08:45:00,149.25,110.75,38.5,140.8,3.725,90.25,70.3
2025-03-20 09:00:00,175.0,126.0,49.0,172.3,4.2,87.0,80.5
2025-03-20 09:15:00,216.0,123.75,92.25,268.625,4.9,68.0,83.475
2025-03-20 09:30:00,257.0,121.5,135.5,364.95000000000005,5.6,49.0,86.45
2025-03-20 09:45:00,298.0,119.25,178.75,461.27500000000003,6.3,30.0,89.42500000000001
2025-03-20 10:00:00,339.0,117.0,222.0,557.6,7.0,11.0,92.4
2025-03-20 10:15:00,373.25,108.5,264.75,620.85,7.6,9.0,91.575
2025-03-20 10:30:00,407.5,100.0,307.5,684.1,8.2,7.0,90.75
2025-03-20 10:45:00,441.75,91.5,350.25,747.35,8.8,5.0,89.925
2025-03-20 11:00:00,476.0,83.0,393.0,810.6,9.4,3.0,89.1
2025-03-20 11:15:00,490.5,84.75,405.75,814.1,9.775,2.25,91.425
2025-03-20 11:30:00,505.0,86.5,418.5,817.6,10.15,1.5,93.75
2025-03-20 11:45:00,519.5,88.25,431.25,821.1,10.525,0.75,96.075
2025-03-20 12:00:00,534.0,90.0,444.0,824.6,10.9,0.0,98.4
2025-03-20 12:15:00,539.5,89.75,449.75,828.65,11.1,0.0,102.025
2025-03-20 12:30:00,545.0,89.5,455.5,832.7,11.3,0.0,105.65
2025-03-20 12:45:00,550.5,89.25,461.25,836.75,11.5,0.0,109.275
2025-03-20 13:00:00,556.0,89.0,467.0,840.8,11.7,0.0,112.9
2025-03-20 13:15:00,549.0,89.75,459.25,834.5,11.6,0.0,165.225
2025-03-20 13:30:00,542.0,90.5,451.5,828.2,11.5,0.0,217.55
2025-03-20 13:45:00,535.0,91.25,443.75,821.9,11.4,0.0,269.875
2025-03-20 14:00:00,528.0,92.0,436.0,815.6,11.3,0.0,322.2
2025-03-20 14:15:00,512.0,89.75,422.25,811.25,11.275,2.25,366.125
2025-03-20 14:30:00,496.0,87.5,408.5,806.9000000000001,11.25,4.5,410.04999999999995
2025-03-20 14:45:00,480.0,85.25,394.75,802.5500000000001,11.225,6.75,453.97499999999997
2025-03-20 15:00:00,464.0,83.0,381.0,798.2,11.2,9.0,497.9
2025-03-20 15:15:00,438.25,80.5,357.75,784.375,11.075,11.0,524.975
2025-03-20 15:30:00,412.5,78.0,334.5,770.55,10.95,13.0,552.05
2025-03-20 15:45:00,386.75,75.5,311.25,756.725,10.825,15.0,579.125
2025-03-20 16:00:00,361.0,73.0,288.0,742.9,10.7,17.0,606.2
2025-03-20 16:15:00,328.5,70.0,258.5,713.625,10.399999999999999,12.75,604.75
2025-03-20 16:30:00,296.0,67.0,229.0,684.3499999999999,10.1,8.5,603.3
2025-03-20 16:45:00,263.5,64.0,199.5,655.0749999999999,9.8,4.25,601.85
2025-03-20 17:00:00,231.0,61.0,170.0,625.8,9.5,0.0,600.4
2025-03-20 17:15:00,197.5,55.25,142.25,574.3249999999999,8.825,0.0,559.15
2025-03-20 17:30:00,164.0,49.5,114.5,522.8499999999999,8.15,0.0,517.9
2025-03-20 17:45:00,130.5,43.75,86.75,471.375,7.475,0.0,476.65
2025-03-20 18:00:00,97.0,38.0,59.0,419.9,6.8,0.0,435.4
2025-03-20 18:15:00,74.75,29.75,45.0,325.72499999999997,6.4,9.5,338.09999999999997
2025-03-20 18:30:00,52.5,21.5,31.0,231.54999999999998,6.0,19.0,240.79999999999998
2025-03-20 18:45:00,30.25,13.25,17.0,137.375,5.6,28.5,143.5
2025-03-20 19:00:00,8.0,5.0,3.0,43.2,5.2,38.0,46.2
2025-03-20 19:15:00,6.0,3.75,2.25,32.400000000000006,4.95,34.5,34.650000000000006
2025-03-20 19:30:00,4.0,2.5,1.5,21.6,4.7,31.0,23.1
2025-03-20 19:45:00,2.0,1.25,0.75,10.799999999999997,4.45,27.5,11.549999999999997
2025-03-20 20:00:00,0.0,0.0,0.0,0.0,4.2,24.0,0.0
2025-03-20 20:15:00,0.0,0.0,0.0,0.0,4.25,21.25,0.0
2025-03-20 20:30:00,0.0,0.0,0.0,0.0,4.300000000000001,18.5,0.0
2025-03-20 20:45:00,0.0,0.0,0.0,0.0,4.3500000000000005,15.75,0.0
2025-03-20 21:00:00,0.0,0.0,0.0,0.0,4.4,13.0,0.0
2025-03-20 21:15:00,0.0,0.0,0.0,0.0,4.300000000000001,15.75,0.0
2025-03-20 21:30:00,0.0,0.0,0.0,0.0,4.2,18.5,0.0
2025-03-20 21:45:00,0.0,0.0,0.0,0.0,4.1,21.25,0.0
2025-03-20 22:00:00,0.0,0.0,0.0,0.0,4.0,24.0,0.0
2025-03-20 22:15:00,0.0,0.0,0.0,0.0,3.75,18.0,0.0
2025-03-20 22:30:00,0.0,0.0,0.0,0.0,3.5,12.0,0.0
2025-03-20 22:45:00,0.0,0.0,0.0,0.0,3.25,6.0,0.0
2025-03-20 23:00:00,0.0,0.0,0.0,0.0,3.0,0.0,0.0
2025-03-20 23:15:00,0.0,0.0,0.0,0.0,2.85,0.0,0.0
2025-03-20 23:30:00,0.0,0.0,0.0,0.0,2.7,0.0,0.0
2025-03-20 23:45:00,0.0,0.0,0.0,0.0,2.55,0.0,0.0
2025-03-21 00:00:00,0.0,0.0,0.0,0.0,2.4,0.0,0.0
2025-03-21 00:15:00,0.0,0.0,0.0,0.0,2.275,0.0,0.0
2025-03-21 00:30:00,0.0,0.0,0.0,0.0,2.15,0.0,0.0
2025-03-21 00:45:00,0.0,0.0,0.0,0.0,2.025,0.0,0.0
2025-03-21 01:00:00,0.0,0.0,0.0,0.0,1.9,0.0,0.0
2025-03-21 01:15:00,0.0,0.0,0.0,0.0,1.7999999999999998,0.25,0.0
2025-03-21 01:30:00,0.0,0.0,0.0,0.0,1.7,0.5,0.0
2025-03-21 01:45:00,0.0,0.0,0.0,0.0,1.6,0.75,0.0
2025-03-21 02:00:00,0.0,0.0,0.0,0.0,1.5,1.0,0.0
2025-03-21 02:15:00,0.0,0.0,0.0,0.0,1.45,3.5,0.0
2025-03-21 02:30:00,0.0,0.0,0.0,0.0,1.4,6.0,0.0
2025-03-21 02:45:00,0.0,0.0,0.0,0.0,1.35,8.5,0.0
2025-03-21 03:00:00,0.0,0.0,0.0,0.0,1.3,11.0,0.0
2025-03-21 03:15:00,0.0,0.0,0.0,0.0,1.275,11.0,0.0
2025-03-21 03:30:00,0.0,0.0,0.0,0.0,1.25,11.0,0.0
2025-03-21 03:45:00,0.0,0.0,0.0,0.0,1.225,11.0,0.0
2025-03-21 04:00:00,0.0,0.0,0.0,0.0,1.2,11.0,0.0
2025-03-21 04:15:00,0.0,0.0,0.0,0.0,1.225,8.25,0.0
2025-03-21 04:30:00,0.0,0.0,0.0,0.0,1.25,5.5,0.0
2025-03-21 04:45:00,0.0,0.0,0.0,0.0,1.275,2.75,0.0
2025-03-21 05:00:00,0.0,0.0,0.0,0.0,1.3,0.0,0.0
2025-03-21 05:15:00,0.0,0.0,0.0,0.0,1.275,0.0,0.0
2025-03-21 05:30:00,0.0,0.0,0.0,0.0,1.25,0.0,0.0
2025-03-21 05:45:00,0.0,0.0,0.0,0.0,1.225,0.0,0.0
2025-03-21 06:00:00,0.0,0.0,0.0,0.0,1.2,0.0,0.0
2025-03-21 06:15:00,3.5,2.0,1.5,18.825,1.2,0.0,1.35
2025-03-21 06:30:00,7.0,4.0,3.0,37.65,1.2,0.0,2.7
2025-03-21 06:45:00,10.5,6.0,4.5,56.474999999999994,1.2,0.0,4.050000000000001
2025-03-21 07:00:00,14.0,8.0,6.0,75.3,1.2,0.0,5.4
2025-03-21 07:15:00,40.0,16.25,23.75,178.6,1.55,0.0,12.125
2025-03-21 07:30:00,66.0,24.5,41.5,281.9,1.9,0.0,18.85
2025-03-21 07:45:00,92.0,32.75,59.25,385.2,2.25,0.0,25.574999999999996
2025-03-21 08:00:00,118.0,41.0,77.0,488.5,2.6,0.0,32.3
2025-03-21 08:15:00,153.0,45.75,107.25,536.625,3.025,0.0,38.175
2025-03-21 08:30:00,188.0,50.5,137.5,584.75,3.45,0.0,44.05
2025-03-21 08:45:00,223.0,55.25,167.75,632.875,3.875,0.0,49.925
2025-03-21 09:00:00,258.0,60.0,198.0,681.0,4.3,0.0,55.8
2025-03-21 09:15:00,290.5,63.25,227.25,705.475,4.675,0.0,60.675
2025-03-21 09:30:00,323.0,66.5,256.5,729.95,5.05,0.0,65.55
2025-03-21 09:45:00,355.5,69.75,285.75,754.425,5.425,0.0,70.425
2025-03-21 10:00:00,388.0,73.0,315.0,778.9,5.8,0.0,75.3
2025-03-21 10:15:00,413.75,75.0,338.75,792.975,6.0,0.0,78.875
2025-03-21 10:30:00,439.5,77.0,362.5,807.05,6.199999999999999,0.0,82.44999999999999
2025-03-21 10:45:00,465.25,79.0,386.25,821.125,6.3999999999999995,0.0,86.02499999999999
2025-03-21 11:00:00,491.0,81.0,410.0,835.2,6.6,0.0,89.6
2025-03-21 11:15:00,507.0,81.75,425.25,842.7,6.725,0.0,91.57499999999999
2025-03-21 11:30:00,523.0,82.5,440.5,850.2,6.85,0.0,93.55
2025-03-21 11:45:00,539.0,83.25,455.75,857.7,6.975,0.0,95.525
2025-03-21 12:00:00,555.0,84.0,471.0,865.2,7.1,0.0,97.5
2025-03-21 12:15:00,560.0,84.25,475.75,867.2,7.199999999999999,0.0,101.75
2025-03-21 12:30:00,565.0,84.5,480.5,869.2,7.3,0.0,106.0
2025-03-21 12:45:00,570.0,84.75,485.25,871.2,7.4,0.0,110.25
2025-03-21 13:00:00,575.0,85.0,490.0,873.2,7.5,0.0,114.5
2025-03-21 13:15:00,568.25,84.75,483.5,869.6750000000001,7.675,0.0,169.175
2025-03-21 13:30:00,561.5,84.5,477.0,866.1500000000001,7.85,0.0,223.85
2025-03-21 13:45:00,554.75,84.25,470.5,862.625,8.024999999999999,0.0,278.525
2025-03-21 14:00:00,548.0,84.0,464.0,859.1,8.2,0.0,333.2
2025-03-21 14:15:00,530.75,83.0,447.75,850.975,8.225,0.0,378.25
2025-03-21 14:30:00,513.5,82.0,431.5,842.85,8.25,0.0,423.29999999999995
2025-03-21 14:45:00,496.25,81.0,415.25,834.725,8.275,0.0,468.34999999999997
2025-03-21 15:00:00,479.0,80.0,399.0,826.6,8.3,0.0,513.4
2025-03-21 15:15:00,452.25,78.25,374.0,810.2,8.325000000000001,0.0,540.3
2025-03-21 15:30:00,425.5,76.5,349.0,793.8,8.350000000000001,0.0,567.2
2025-03-21 15:45:00,398.75,74.75,324.0,777.4,8.375,0.0,594.1
2025-03-21 16:00:00,372.0,73.0,299.0,761.0,8.4,0.0,621.0
2025-03-21 16:15:00,338.75,70.0,268.75,731.525,8.3,0.0,619.95
2025-03-21 16:30:00,305.5,67.0,238.5,702.05,8.2,0.0,618.9
2025-03-21 16:45:00,272.25,64.0,208.25,672.575,8.1,0.0,617.8499999999999
2025-03-21 17:00:00,239.0,61.0,178.0,643.1,8.0,0.0,616.8
2025-03-21 17:15:00,204.75,55.5,149.25,592.425,7.8,0.0,576.8
2025-03-21 17:30:00,170.5,50.0,120.5,541.75,7.6,0.0,536.8
2025-03-21 17:45:00,136.25,44.5,91.75,491.075,7.4,0.0,496.8
2025-03-21 18:00:00,102.0,39.0,63.0,440.4,7.2,0.0,456.8
2025-03-21 18:15:00,78.75,30.75,48.0,340.72499999999997,7.025,0.0,353.925
2025-03-21 18:30:00,55.5,22.5,33.0,241.04999999999998,6.85,0.0,251.05
2025-03-21 18:45:00,32.25,14.25,18.0,141.375,6.675,0.0,148.175
2025-03-21 19:00:00,9.0,6.0,3.0,41.7,6.5,0.0,45.3
2025-03-21 19:15:00,6.75,4.5,2.25,31.275000000000002,6.325,0.0,33.974999999999994
2025-03-21 19:30:00,4.5,3.0,1.5,20.85,6.15,0.0,22.65
2025-03-21 19:45:00,2.25,1.5,0.75,10.425,5.975,0.0,11.325000000000003
2025-03-21 20:00:00,0.0,0.0,0.0,0.0,5.8,0.0,0.0
2025-03-21 20:15:00,0.0,0.0,0.0,0.0,5.6,0.0,0.0
2025-03-21 20:30:00,0.0,0.0,0.0,0.0,5.4,0.0,0.0
2025-03-21 20:45:00,0.0,0.0,0.0,0.0,5.2,0.0,0.0
2025-03-21 21:00:00,0.0,0.0,0.0,0.0,5.0,0.0,0.0
2025-03-21 21:15:00,0.0,0.0,0.0,0.0,4.825,0.0,0.0
2025-03-21 21:30:00,0.0,0.0,0.0,0.0,4.65,0.0,0.0
2025-03-21 21:45:00,0.0,0.0,0.0,0.0,4.475,0.0,0.0
2025-03-21 22:00:00,0.0,0.0,0.0,0.0,4.3,0.0,0.0
2025-03-21 22:15:00,0.0,0.0,0.0,0.0,4.2,0.0,0.0
2025-03-21 22:30:00,0.0,0.0,0.0,0.0,4.1,0.0,0.0
2025-03-21 22:45:00,0.0,0.0,0.0,0.0,4.0,0.0,0.0
2025-03-21 23:00:00,0.0,0.0,0.0,0.0,3.9,0.0,0.0
2025-03-21 23:15:00,0.0,0.0,0.0,0.0,3.825,0.0,0.0
2025-03-21 23:30:00,0.0,0.0,0.0,0.0,3.75,0.0,0.0
2025-03-21 23:45:00,0.0,0.0,0.0,0.0,3.675,0.0,0.0
2025-03-22 00:00:00,0.0,0.0,0.0,0.0,3.6,0.0,0.0
2025-03-22 00:15:00,0.0,0.0,0.0,0.0,3.525,0.0,0.0
2025-03-22 00:30:00,0.0,0.0,0.0,0.0,3.45,0.0,0.0
2025-03-22 00:45:00,0.0,0.0,0.0,0.0,3.375,0.0,0.0
2025-03-22 01:00:00,0.0,0.0,0.0,0.0,3.3,0.0,0.0
2025-03-22 01:15:00,0.0,0.0,0.0,0.0,3.25,0.0,0.0
2025-03-22 01:30:00,0.0,0.0,0.0,0.0,3.2,0.0,0.0
2025-03-22 01:45:00,0.0,0.0,0.0,0.0,3.15,0.0,0.0
2025-03-22 02:00:00,0.0,0.0,0.0,0.0,3.1,0.0,0.0
2025-03-22 02:15:00,0.0,0.0,0.0,0.0,3.025,0.0,0.0
2025-03-22 02:30:00,0.0,0.0,0.0,0.0,2.95,0.0,0.0
2025-03-22 02:45:00,0.0,0.0,0.0,0.0,2.875,0.0,0.0
2025-03-22 03:00:00,0.0,0.0,0.0,0.0,2.8,0.0,0.0
2025-03-22 03:15:00,0.0,0.0,0.0,0.0,2.6999999999999997,0.0,0.0
2025-03-22 03:30:00,0.0,0.0,0.0,0.0,2.5999999999999996,0.0,0.0
2025-03-22 03:45:00,0.0,0.0,0.0,0.0,2.5,0.0,0.0
2025-03-22 04:00:00,0.0,0.0,0.0,0.0,2.4,0.0,0.0
2025-03-22 04:15:00,0.0,0.0,0.0,0.0,2.4,0.0,0.0
2025-03-22 04:30:00,0.0,0.0,0.0,0.0,2.4,0.0,0.0
2025-03-22 04:45:00,0.0,0.0,0.0,0.0,2.4,0.0,0.0
2025-03-22 05:00:00,0.0,0.0,0.0,0.0,2.4,0.0,0.0
2025-03-22 05:15:00,0.0,0.0,0.0,0.0,2.425,0.0,0.0
2025-03-22 05:30:00,0.0,0.0,0.0,0.0,2.45,0.0,0.0
2025-03-22 05:45:00,0.0,0.0,0.0,0.0,2.475,0.0,0.0
2025-03-22 06:00:00,0.0,0.0,0.0,0.0,2.5,0.0,0.0
2025-03-22 06:15:00,4.0,2.25,1.75,21.1,2.6,0.0,1.525
2025-03-22 06:30:00,8.0,4.5,3.5,42.2,2.7,0.0,3.05
2025-03-22 06:45:00,12.0,6.75,5.25,63.300000000000004,2.8,0.0,4.574999999999999
2025-03-22 07:00:00,16.0,9.0,7.0,84.4,2.9,0.0,6.1
2025-03-22 07:15:00,42.5,18.0,24.5,180.625,3.125,0.0,13.25
2025-03-22 07:30:00,69.0,27.0,42.0,276.85,3.3499999999999996,0.0,20.4
2025-03-22 07:45:00,95.5,36.0,59.5,373.07499999999993,3.5749999999999997,0.0,27.550000000000004
2025-03-22 08:00:00,122.0,45.0,77.0,469.3,3.8,0.0,34.7
2025-03-22 08:15:00,156.75,49.75,107.0,517.725,4.05,0.0,40.550000000000004
2025-03-22 08:30:00,191.5,54.5,137.0,566.15,4.3,0.0,46.400000000000006
2025-03-22 08:45:00,226.25,59.25,167.0,614.575,4.55,0.0,52.25
2025-03-22 09:00:00,261.0,64.0,197.0,663.0,4.8,0.0,58.1
2025-03-22 09:15:00,294.25,67.25,227.0,690.225,5.1,0.0,63.050000000000004
2025-03-22 09:30:00,327.5,70.5,257.0,717.45,5.4,0.0,68.0
2025-03-22 09:45:00,360.75,73.75,287.0,744.675,5.7,0.0,72.95
2025-03-22 10:00:00,394.0,77.0,317.0,771.9,6.0,0.0,77.9
2025-03-22 10:15:00,421.0,78.25,342.75,790.2,6.275,0.0,81.22500000000001
2025-03-22 10:30:00,448.0,79.5,368.5,808.5,6.55,0.0,84.55000000000001
2025-03-22 10:45:00,475.0,80.75,394.25,826.8,6.824999999999999,0.0,87.875
2025-03-22 11:00:00,502.0,82.0,420.0,845.1,7.1,0.0,91.2
2025-03-22 11:15:00,519.0,82.75,436.25,854.175,7.2749999999999995,0.0,93.275
2025-03-22 11:30:00,536.0,83.5,452.5,863.25,7.449999999999999,0.0,95.35
2025-03-22 11:45:00,553.0,84.25,468.75,872.325,7.625,0.0,97.425
2025-03-22 12:00:00,570.0,85.0,485.0,881.4,7.8,0.0,99.5
2025-03-22 12:15:00,574.75,85.5,489.25,882.45,7.95,0.0,104.2
2025-03-22 12:30:00,579.5,86.0,493.5,883.5,8.1,0.0,108.9
2025-03-22 12:45:00,584.25,86.5,497.75,884.55,8.25,0.0,113.6
2025-03-22 13:00:00,589.0,87.0,502.0,885.6,8.4,0.0,118.3
2025-03-22 13:15:00,581.75,86.5,495.25,881.85,8.5,0.0,173.5
2025-03-22 13:30:00,574.5,86.0,488.5,878.1,8.600000000000001,0.0,228.7
2025-03-22 13:45:00,567.25,85.5,481.75,874.35,8.700000000000001,0.0,283.90000000000003
2025-03-22 14:00:00,560.0,85.0,475.0,870.6,8.8,0.0,339.1
2025-03-22 14:15:00,542.5,84.25,458.25,861.95,8.850000000000001,0.0,384.65
2025-03-22 14:30:00,525.0,83.5,441.5,853.3,8.9,0.0,430.2
2025-03-22 14:45:00,507.5,82.75,424.75,844.65,8.95,0.0,475.75
2025-03-22 15:00:00,490.0,82.0,408.0,836.0,9.0,0.0,521.3
2025-03-22 15:15:00,463.25,80.0,383.25,821.075,8.975,0.0,549.525
2025-03-22 15:30:00,436.5,78.0,358.5,806.15,8.95,0.0,577.75
2025-03-22 15:45:00,409.75,76.0,333.75,791.2249999999999,8.925,0.0,605.975
2025-03-22 16:00:00,383.0,74.0,309.0,776.3,8.9,0.0,634.2
2025-03-22 16:15:00,349.75,70.75,279.0,749.875,8.725,0.0,636.225
2025-03-22 16:30:00,316.5,67.5,249.0,723.45,8.55,0.0,638.25
2025-03-22 16:45:00,283.25,64.25,219.0,697.025,8.375,0.0,640.275
2025-03-22 17:00:00,250.0,61.0,189.0,670.6,8.2,0.0,642.3
2025-03-22 17:15:00,215.0,55.75,159.25,621.75,8.0,0.0,604.75
2025-03-22 17:30:00,180.0,50.5,129.5,572.9,7.8,0.0,567.2
2025-03-22 17:45:00,145.0,45.25,99.75,524.05,7.6,0.0,529.65
2025-03-22 18:00:00,110.0,40.0,70.0,475.2,7.4,0.0,492.1
2025-03-22 18:15:00,85.25,31.75,53.5,369.825,7.25,0.0,383.57500000000005
2025-03-22 18:30:00,60.5,23.5,37.0,264.45,7.1,0.0,275.05
2025-03-22 18:45:00,35.75,15.25,20.5,159.075,6.95,0.0,166.52499999999998
2025-03-22 19:00:00,11.0,7.0,4.0,53.7,6.8,0.0,58.0
2025-03-22 19:15:00,8.25,5.25,3.0,40.275000000000006,6.725,0.0,43.5
2025-03-22 19:30:00,5.5,3.5,2.0,26.85,6.65,0.0,29.0
2025-03-22 19:45:00,2.75,1.75,1.0,13.424999999999997,6.575,0.0,14.5
2025-03-22 20:00:00,0.0,0.0,0.0,0.0,6.5,0.0,0.0
2025-03-22 20:15:00,0.0,0.0,0.0,0.0,6.35,0.0,0.0
2025-03-22 20:30:00,0.0,0.0,0.0,0.0,6.2,0.0,0.0
2025-03-22 20:45:00,0.0,0.0,0.0,0.0,6.050000000000001,0.0,0.0
2025-03-22 21:00:00,0.0,0.0,0.0,0.0,5.9,0.0,0.0
2025-03-22 21:15:00,0.0,0.0,0.0,0.0,5.775,0.0,0.0
2025-03-22 21:30:00,0.0,0.0,0.0,0.0,5.65,0.0,0.0
2025-03-22 21:45:00,0.0,0.0,0.0,0.0,5.525,0.0,0.0
2025-03-22 22:00:00,0.0,0.0,0.0,0.0,5.4,0.0,0.0
2025-03-22 22:15:00,0.0,0.0,0.0,0.0,5.375,1.75,0.0
2025-03-22 22:30:00,0.0,0.0,0.0,0.0,5.35,3.5,0.0
2025-03-22 22:45:00,0.0,0.0,0.0,0.0,5.325,5.25,0.0
2025-03-22 23:00:00,0.0,0.0,0.0,0.0,5.3,7.0,0.0
2025-03-22 23:15:00,0.0,0.0,0.0,0.0,5.375,29.75,0.0
2025-03-22 23:30:00,0.0,0.0,0.0,0.0,5.449999999999999,52.5,0.0
2025-03-22 23:45:00,0.0,0.0,0.0,0.0,5.5249999999999995,75.25,0.0
2025-03-23 00:00:00,0.0,0.0,0.0,0.0,5.6,98.0,0.0
2025-03-23 00:15:00,0.0,0.0,0.0,0.0,5.675,81.25,0.0
2025-03-23 00:30:00,0.0,0.0,0.0,0.0,5.75,64.5,0.0
2025-03-23 00:45:00,0.0,0.0,0.0,0.0,5.825,47.75,0.0
2025-03-23 01:00:00,0.0,0.0,0.0,0.0,5.9,31.0,0.0
2025-03-23 01:15:00,0.0,0.0,0.0,0.0,5.925000000000001,27.25,0.0
2025-03-23 01:30:00,0.0,0.0,0.0,0.0,5.95,23.5,0.0
2025-03-23 01:45:00,0.0,0.0,0.0,0.0,5.975,19.75,0.0
2025-03-23 02:00:00,0.0,0.0,0.0,0.0,6.0,16.0,0.0
2025-03-23 02:15:00,0.0,0.0,0.0,0.0,6.0,22.75,0.0
2025-03-23 02:30:00,0.0,0.0,0.0,0.0,6.0,29.5,0.0
2025-03-23 02:45:00,0.0,0.0,0.0,0.0,6.0,36.25,0.0
2025-03-23 03:00:00,0.0,0.0,0.0,0.0,6.0,43.0,0.0
2025-03-23 03:15:00,0.0,0.0,0.0,0.0,6.0,54.75,0.0
2025-03-23 03:30:00,0.0,0.0,0.0,0.0,6.0,66.5,0.0
2025-03-23 03:45:00,0.0,0.0,0.0,0.0,6.0,78.25,0.0
2025-03-23 04:00:00,0.0,0.0,0.0,0.0,6.0,90.0,0.0
2025-03-23 04:15:00,0.0,0.0,0.0,0.0,6.0,80.0,0.0
2025-03-23 04:30:00,0.0,0.0,0.0,0.0,6.0,70.0,0.0
2025-03-23 04:45:00,0.0,0.0,0.0,0.0,6.0,60.0,0.0
2025-03-23 05:00:00,0.0,0.0,0.0,0.0,6.0,50.0,0.0
2025-03-23 05:15:00,0.0,0.0,0.0,0.0,5.95,58.5,0.0
2025-03-23 05:30:00,0.0,0.0,0.0,0.0,5.9,67.0,0.0
2025-03-23 05:45:00,0.0,0.0,0.0,0.0,5.85,75.5,0.0
2025-03-23 06:00:00,0.0,0.0,0.0,0.0,5.8,84.0,0.0
2025-03-23 06:15:00,3.75,2.75,1.0,11.6,5.8,72.0,1.75
2025-03-23 06:30:00,7.5,5.5,2.0,23.2,5.8,60.0,3.5
2025-03-23 06:45:00,11.25,8.25,3.0,34.8,5.8,48.0,5.25
2025-03-23 07:00:00,15.0,11.0,4.0,46.4,5.8,36.0,7.0
2025-03-23 07:15:00,36.0,23.0,13.0,93.44999999999999,5.875,27.25,15.1
2025-03-23 07:30:00,57.0,35.0,22.0,140.5,5.949999999999999,18.5,23.2
2025-03-23 07:45:00,78.0,47.0,31.0,187.54999999999998,6.0249999999999995,9.75,31.299999999999997
2025-03-23 08:00:00,99.0,59.0,40.0,234.6,6.1,1.0,39.4
2025-03-23 08:15:00,139.75,62.25,77.5,332.475,6.225,0.75,45.1
2025-03-23 08:30:00,180.5,65.5,115.0,430.35,6.35,0.5,50.8
2025-03-23 08:45:00,221.25,68.75,152.5,528.225,6.475,0.25,56.5
2025-03-23 09:00:00,262.0,72.0,190.0,626.1,6.6,0.0,62.2
2025-03-23 09:15:00,295.25,73.25,222.0,660.3,6.75,0.0,66.15
2025-03-23 09:30:00,328.5,74.5,254.0,694.5,6.9,0.0,70.1
2025-03-23 09:45:00,361.75,75.75,286.0,728.7,7.05,0.0,74.05
2025-03-23 10:00:00,395.0,77.0,318.0,762.9,7.2,0.0,78.0
2025-03-23 10:15:00,420.5,78.75,341.75,777.425,7.4,0.0,81.425
2025-03-23 10:30:00,446.0,80.5,365.5,791.95,7.6,0.0,84.85
2025-03-23 10:45:00,471.5,82.25,389.25,806.475,7.8,0.0,88.275
2025-03-23 11:00:00,497.0,84.0,413.0,821.0,8.0,0.0,91.7
2025-03-23 11:15:00,512.75,85.0,427.75,827.95,8.15,0.0,93.775
2025-03-23 11:30:00,528.5,86.0,442.5,834.9,8.3,0.0,95.85
2025-03-23 11:45:00,544.25,87.0,457.25,841.8499999999999,8.45,0.0,97.925
2025-03-23 12:00:00,560.0,88.0,472.0,848.8,8.6,0.0,100.0
2025-03-23 12:15:00,564.5,88.0,476.5,850.5749999999999,8.725,1.25,104.575
2025-03-23 12:30:00,569.0,88.0,481.0,852.3499999999999,8.85,2.5,109.15
2025-03-23 12:45:00,573.5,88.0,485.5,854.125,8.975,3.75,113.725
2025-03-23 13:00:00,578.0,88.0,490.0,855.9,9.1,5.0,118.3
2025-03-23 13:15:00,565.25,97.0,468.25,824.75,9.2,11.0,168.14999999999998
2025-03-23 13:30:00,552.5,106.0,446.5,793.5999999999999,9.3,17.0,218.0
2025-03-23 13:45:00,539.75,115.0,424.75,762.4499999999999,9.4,23.0,267.84999999999997
2025-03-23 14:00:00,527.0,124.0,403.0,731.3,9.5,29.0,317.7
2025-03-23 14:15:00,510.75,122.0,388.75,723.8249999999999,9.5,24.75,354.975
2025-03-23 14:30:00,494.5,120.0,374.5,716.3499999999999,9.5,20.5,392.25
2025-03-23 14:45:00,478.25,118.0,360.25,708.875,9.5,16.25,429.525
2025-03-23 15:00:00,462.0,116.0,346.0,701.4,9.5,12.0,466.8
2025-03-23 15:15:00,440.25,107.0,333.25,708.95,9.425,9.25,501.325
2025-03-23 15:30:00,418.5,98.0,320.5,716.5,9.35,6.5,535.85
2025-03-23 15:45:00,396.75,89.0,307.75,724.05,9.274999999999999,3.75,570.375
2025-03-23 16:00:00,375.0,80.0,295.0,731.6,9.2,1.0,604.9
2025-03-23 16:15:00,343.0,75.75,267.25,709.025,9.024999999999999,0.75,608.1
2025-03-23 16:30:00,311.0,71.5,239.5,686.45,8.85,0.5,611.3
2025-03-23 16:45:00,279.0,67.25,211.75,663.875,8.675,0.25,614.5
2025-03-23 17:00:00,247.0,63.0,184.0,641.3,8.5,0.0,617.7
2025-03-23 17:15:00,212.75,57.25,155.5,595.875,8.225,1.5,582.5250000000001
2025-03-23 17:30:00,178.5,51.5,127.0,550.45,7.95,3.0,547.35
2025-03-23 17:45:00,144.25,45.75,98.5,505.025,7.675000000000001,4.5,512.175
2025-03-23 18:00:00,110.0,40.0,70.0,459.6,7.4,6.0,477.0
2025-03-23 18:15:00,85.5,32.0,53.5,357.70000000000005,7.1000000000000005,6.5,371.975
2025-03-23 18:30:00,61.0,24.0,37.0,255.8,6.800000000000001,7.0,266.95
2025-03-23 18:45:00,36.5,16.0,20.5,153.89999999999998,6.5,7.5,161.92499999999995
2025-03-23 19:00:00,12.0,8.0,4.0,52.0,6.2,8.0,56.9
2025-03-23 19:15:00,9.0,6.0,3.0,39.0,6.025,16.0,42.675
2025-03-23 19:30:00,6.0,4.0,2.0,26.0,5.85,24.0,28.45
2025-03-23 19:45:00,3.0,2.0,1.0,13.0,5.675,32.0,14.225000000000001
2025-03-23 20:00:00,0.0,0.0,0.0,0.0,5.5,40.0,0.0
2025-03-23 20:15:00,0.0,0.0,0.0,0.0,5.375,54.5,0.0
2025-03-23 20:30:00,0.0,0.0,0.0,0.0,5.25,69.0,0.0
2025-03-23 20:45:00,0.0,0.0,0.0,0.0,5.125,83.5,0.0
2025-03-23 21:00:00,0.0,0.0,0.0,0.0,5.0,98.0,0.0
2025-03-23 21:15:00,0.0,0.0,0.0,0.0,4.975,98.5,0.0
2025-03-23 21:30:00,0.0,0.0,0.0,0.0,4.95,99.0,0.0
2025-03-23 21:45:00,0.0,0.0,0.0,0.0,4.925000000000001,99.5,0.0
2025-03-23 22:00:00,0.0,0.0,0.0,0.0,4.9,100.0,0.0
2025-03-23 22:15:00,0.0,0.0,0.0,0.0,4.825,100.0,0.0
2025-03-23 22:30:00,0.0,0.0,0.0,0.0,4.75,100.0,0.0
2025-03-23 22:45:00,0.0,0.0,0.0,0.0,4.675,100.0,0.0
2025-03-23 23:00:00,0.0,0.0,0.0,0.0,4.6,100.0,0.0
2025-03-23 23:15:00,0.0,0.0,0.0,0.0,4.5249999999999995,99.75,0.0
2025-03-23 23:30:00,0.0,0.0,0.0,0.0,4.449999999999999,99.5,0.0
2025-03-23 23:45:00,0.0,0.0,0.0,0.0,4.375,99.25,0.0
2025-03-24 00:00:00,0.0,0.0,0.0,0.0,4.3,99.0,0.0
2025-03-24 00:15:00,0.0,0.0,0.0,0.0,4.225,98.25,0.0
2025-03-24 00:30:00,0.0,0.0,0.0,0.0,4.15,97.5,0.0
2025-03-24 00:45:00,0.0,0.0,0.0,0.0,4.075,96.75,0.0
2025-03-24 01:00:00,0.0,0.0,0.0,0.0,4.0,96.0,0.0
2025-03-24 01:15:00,0.0,0.0,0.0,0.0,3.925,74.25,0.0
2025-03-24 01:30:00,0.0,0.0,0.0,0.0,3.85,52.5,0.0
2025-03-24 01:45:00,0.0,0.0,0.0,0.0,3.7750000000000004,30.75,0.0
2025-03-24 02:00:00,0.0,0.0,0.0,0.0,3.7,9.0,0.0
2025-03-24 02:15:00,0.0,0.0,0.0,0.0,3.625,23.25,0.0
2025-03-24 02:30:00,0.0,0.0,0.0,0.0,3.55,37.5,0.0
2025-03-24 02:45:00,0.0,0.0,0.0,0.0,3.475,51.75,0.0
2025-03-24 03:00:00,0.0,0.0,0.0,0.0,3.4,66.0,0.0
2025-03-24 03:15:00,0.0,0.0,0.0,0.0,3.325,67.0,0.0
2025-03-24 03:30:00,0.0,0.0,0.0,0.0,3.25,68.0,0.0
2025-03-24 03:45:00,0.0,0.0,0.0,0.0,3.175,69.0,0.0
2025-03-24 04:00:00,0.0,0.0,0.0,0.0,3.1,70.0,0.0
2025-03-24 04:15:00,0.0,0.0,0.0,0.0,3.025,65.0,0.0
2025-03-24 04:30:00,0.0,0.0,0.0,0.0,2.95,60.0,0.0
2025-03-24 04:45:00,0.0,0.0,0.0,0.0,2.875,55.0,0.0
2025-03-24 05:00:00,0.0,0.0,0.0,0.0,2.8,50.0,0.0
2025-03-24 05:15:00,0.0,0.0,0.0,0.0,2.8499999999999996,52.5,0.0
2025-03-24 05:30:00,0.0,0.0,0.0,0.0,2.9,55.0,0.0
2025-03-24 05:45:00,0.0,0.0,0.0,0.0,2.95,57.5,0.0
2025-03-24 06:00:00,0.0,0.0,0.0,0.0,3.0,60.0,0.0
2025-03-24 06:15:00,3.5,2.75,0.75,8.4,3.1,67.75,1.725
2025-03-24 06:30:00,7.0,5.5,1.5,16.8,3.2,75.5,3.45
2025-03-24 06:45:00,10.5,8.25,2.25,25.200000000000003,3.3,83.25,5.175000000000001
2025-03-24 07:00:00,14.0,11.0,3.0,33.6,3.4,91.0,6.9
2025-03-24 07:15:00,31.25,21.5,9.75,67.6,3.625,76.0,13.875
2025-03-24 07:30:00,48.5,32.0,16.5,101.6,3.8499999999999996,61.0,20.85
2025-03-24 07:45:00,65.75,42.5,23.25,135.6,4.075,46.0,27.824999999999996
2025-03-24 08:00:00,83.0,53.0,30.0,169.6,4.3,31.0,34.8
2025-03-24 08:15:00,116.0,64.25,51.75,221.625,4.625,26.5,43.724999999999994
2025-03-24 08:30:00,149.0,75.5,73.5,273.65,4.949999999999999,22.0,52.65
2025-03-24 08:45:00,182.0,86.75,95.25,325.67499999999995,5.2749999999999995,17.5,61.575
2025-03-24 09:00:00,215.0,98.0,117.0,377.7,5.6,13.0,70.5
2025-03-24 09:15:00,248.5,99.0,149.5,429.25,5.85,22.25,74.35
2025-03-24 09:30:00,282.0,100.0,182.0,480.79999999999995,6.1,31.5,78.2
2025-03-24 09:45:00,315.5,101.0,214.5,532.3499999999999,6.35,40.75,82.05000000000001
2025-03-24 10:00:00,349.0,102.0,247.0,583.9,6.6,50.0,85.9
2025-03-24 10:15:00,372.75,107.75,265.0,594.6,6.7749999999999995,57.75,91.15
2025-03-24 10:30:00,396.5,113.5,283.0,605.3,6.949999999999999,65.5,96.4
2025-03-24 10:45:00,420.25,119.25,301.0,616.0,7.125,73.25,101.65
2025-03-24 11:00:00,444.0,125.0,319.0,626.7,7.3,81.0,106.9
2025-03-24 11:15:00,470.25,119.5,350.75,668.45,7.55,83.25,106.775
2025-03-24 11:30:00,496.5,114.0,382.5,710.2,7.800000000000001,85.5,106.65
2025-03-24 11:45:00,522.75,108.5,414.25,751.95,8.05,87.75,106.525
2025-03-24 12:00:00,549.0,103.0,446.0,793.7,8.3,90.0,106.4
2025-03-24 12:15:00,553.0,103.75,449.25,793.7750000000001,8.450000000000001,84.25,111.25
2025-03-24 12:30:00,557.0,104.5,452.5,793.85,8.600000000000001,78.5,116.1
2025-03-24 12:45:00,561.0,105.25,455.75,793.925,8.75,72.75,120.95
2025-03-24 13:00:00,565.0,106.0,459.0,794.0,8.9,67.0,125.8
2025-03-24 13:15:00,553.75,112.5,441.25,769.8,8.85,57.0,172.45
2025-03-24 13:30:00,542.5,119.0,423.5,745.6,8.8,47.0,219.09999999999997
2025-03-24 13:45:00,531.25,125.5,405.75,721.4000000000001,8.75,37.0,265.75
2025-03-24 14:00:00,520.0,132.0,388.0,697.2,8.7,27.0,312.4
2025-03-24 14:15:00,506.75,125.0,381.75,704.9250000000001,8.75,30.25,353.275
2025-03-24 14:30:00,493.5,118.0,375.5,712.6500000000001,8.8,33.5,394.15
2025-03-24 14:45:00,480.25,111.0,369.25,720.375,8.85,36.75,435.025
2025-03-24 15:00:00,467.0,104.0,363.0,728.1,8.9,40.0,475.9
2025-03-24 15:15:00,444.25,98.0,346.25,727.3,8.875,49.5,507.1
2025-03-24 15:30:00,421.5,92.0,329.5,726.5,8.850000000000001,59.0,538.3
2025-03-24 15:45:00,398.75,86.0,312.75,725.7,8.825000000000001,68.5,569.5
2025-03-24 16:00:00,376.0,80.0,296.0,724.9,8.8,78.0,600.7
2025-03-24 16:15:00,343.0,77.75,265.25,691.825,8.700000000000001,66.5,595.3000000000001
2025-03-24 16:30:00,310.0,75.5,234.5,658.75,8.600000000000001,55.0,589.9000000000001
2025-03-24 16:45:00,277.0,73.25,203.75,625.675,8.5,43.5,584.5
2025-03-24 17:00:00,244.0,71.0,173.0,592.6,8.4,32.0,579.1
2025-03-24 17:15:00,210.75,64.25,146.5,550.95,8.125,39.5,545.975
2025-03-24 17:30:00,177.5,57.5,120.0,509.3,7.85,47.0,512.85
2025-03-24 17:45:00,144.25,50.75,93.5,467.65,7.575,54.5,479.725
2025-03-24 18:00:00,111.0,44.0,67.0,426.0,7.3,62.0,446.6
2025-03-24 18:15:00,86.5,35.0,51.5,335.225,6.975,58.25,351.925
2025-03-24 18:30:00,62.0,26.0,36.0,244.45,6.65,54.5,257.25
2025-03-24 18:45:00,37.5,17.0,20.5,153.67499999999995,6.325,50.75,162.575
2025-03-24 19:00:00,13.0,8.0,5.0,62.9,6.0,47.0,67.9
2025-03-24 19:15:00,9.75,6.0,3.75,47.175,5.825,60.25,50.925000000000004
2025-03-24 19:30:00,6.5,4.0,2.5,31.45,5.65,73.5,33.95
2025-03-24 19:45:00,3.25,2.0,1.25,15.725000000000001,5.475,86.75,16.975
2025-03-24 20:00:00,0.0,0.0,0.0,0.0,5.3,100.0,0.0
2025-03-24 20:15:00,0.0,0.0,0.0,0.0,5.2,85.5,0.0
2025-03-24 20:30:00,0.0,0.0,0.0,0.0,5.1,71.0,0.0
2025-03-24 20:45:00,0.0,0.0,0.0,0.0,5.0,56.5,0.0
2025-03-24 21:00:00,0.0,0.0,0.0,0.0,4.9,42.0,0.0
2025-03-24 21:15:00,0.0,0.0,0.0,0.0,4.875,56.5,0.0
2025-03-24 21:30:00,0.0,0.0,0.0,0.0,4.85,71.0,0.0
2025-03-24 21:45:00,0.0,0.0,0.0,0.0,4.825,85.5,0.0
2025-03-24 22:00:00,0.0,0.0,0.0,0.0,4.8,100.0,0.0
2025-03-24 22:15:00,0.0,0.0,0.0,0.0,4.775,100.0,0.0
2025-03-24 22:30:00,0.0,0.0,0.0,0.0,4.75,100.0,0.0
2025-03-24 22:45:00,0.0,0.0,0.0,0.0,4.725,100.0,0.0
2025-03-24 23:00:00,0.0,0.0,0.0,0.0,4.7,100.0,0.0
2025-03-24 23:15:00,0.0,0.0,0.0,0.0,4.5,99.75,0.0
2025-03-24 23:30:00,0.0,0.0,0.0,0.0,4.3,99.5,0.0
2025-03-24 23:45:00,0.0,0.0,0.0,0.0,4.1,99.25,0.0
2025-03-25 00:00:00,0.0,0.0,0.0,0.0,3.9,99.0,0.0
2025-03-25 00:15:00,0.0,0.0,0.0,0.0,3.7,99.0,0.0
2025-03-25 00:30:00,0.0,0.0,0.0,0.0,3.5,99.0,0.0
2025-03-25 00:45:00,0.0,0.0,0.0,0.0,3.3,99.0,0.0
2025-03-25 01:00:00,0.0,0.0,0.0,0.0,3.1,99.0,0.0
2025-03-25 01:15:00,0.0,0.0,0.0,0.0,3.15,99.25,0.0
2025-03-25 01:30:00,0.0,0.0,0.0,0.0,3.2,99.5,0.0
2025-03-25 01:45:00,0.0,0.0,0.0,0.0,3.25,99.75,0.0
2025-03-25 02:00:00,0.0,0.0,0.0,0.0,3.3,100.0,0.0
2025-03-25 02:15:00,0.0,0.0,0.0,0.0,3.3499999999999996,100.0,0.0
2025-03-25 02:30:00,0.0,0.0,0.0,0.0,3.4,100.0,0.0
2025-03-25 02:45:00,0.0,0.0,0.0,0.0,3.45,100.0,0.0
2025-03-25 03:00:00,0.0,0.0,0.0,0.0,3.5,100.0,0.0
2025-03-25 03:15:00,0.0,0.0,0.0,0.0,3.575,100.0,0.0
2025-03-25 03:30:00,0.0,0.0,0.0,0.0,3.65,100.0,0.0
2025-03-25 03:45:00,0.0,0.0,0.0,0.0,3.7249999999999996,100.0,0.0
2025-03-25 04:00:00,0.0,0.0,0.0,0.0,3.8,100.0,0.0
2025-03-25 04:15:00,0.0,0.0,0.0,0.0,3.925,100.0,0.0
2025-03-25 04:30:00,0.0,0.0,0.0,0.0,4.05,100.0,0.0
2025-03-25 04:45:00,0.0,0.0,0.0,0.0,4.175,100.0,0.0
2025-03-25 05:00:00,0.0,0.0,0.0,0.0,4.3,100.0,0.0
2025-03-25 05:15:00,0.0,0.0,0.0,0.0,4.35,100.0,0.0
2025-03-25 05:30:00,0.0,0.0,0.0,0.0,4.4,100.0,0.0
2025-03-25 05:45:00,0.0,0.0,0.0,0.0,4.45,100.0,0.0
2025-03-25 06:00:00,0.0,0.0,0.0,0.0,4.5,100.0,0.0
2025-03-25 06:15:00,0.75,0.75,0.0,0.0,4.575,100.0,0.45
2025-03-25 06:30:00,1.5,1.5,0.0,0.0,4.65,100.0,0.9
2025-03-25 06:45:00,2.25,2.25,0.0,0.0,4.725,100.0,1.35
2025-03-25 07:00:00,3.0,3.0,0.0,0.0,4.8,100.0,1.8
2025-03-25 07:15:00,9.5,9.5,0.0,0.0,4.925,100.0,5.699999999999999
2025-03-25 07:30:00,16.0,16.0,0.0,0.0,5.05,100.0,9.6
2025-03-25 07:45:00,22.5,22.5,0.0,0.0,5.175,100.0,13.5
2025-03-25 08:00:00,29.0,29.0,0.0,0.0,5.3,100.0,17.4
2025-03-25 08:15:00,31.75,31.75,0.0,0.0,5.4,100.0,19.049999999999997
2025-03-25 08:30:00,34.5,34.5,0.0,0.0,5.5,100.0,20.7
2025-03-25 08:45:00,37.25,37.25,0.0,0.0,5.6,100.0,22.35
2025-03-25 09:00:00,40.0,40.0,0.0,0.0,5.7,100.0,24.0
2025-03-25 09:15:00,42.75,42.75,0.0,0.0,5.775,100.0,25.65
2025-03-25 09:30:00,45.5,45.5,0.0,0.0,5.85,100.0,27.3
2025-03-25 09:45:00,48.25,48.25,0.0,0.0,5.925,100.0,28.950000000000003
2025-03-25 10:00:00,51.0,51.0,0.0,0.0,6.0,100.0,30.6
2025-03-25 10:15:00,54.5,54.5,0.0,0.0,6.175,100.0,32.7
2025-03-25 10:30:00,58.0,58.0,0.0,0.0,6.35,100.0,34.8
2025-03-25 10:45:00,61.5,61.5,0.0,0.0,6.525,100.0,36.9
2025-03-25 11:00:00,65.0,65.0,0.0,0.0,6.7,100.0,39.0
2025-03-25 11:15:00,75.5,75.5,0.0,0.0,6.875,100.0,45.3
2025-03-25 11:30:00,86.0,86.0,0.0,0.0,7.050000000000001,100.0,51.6
2025-03-25 11:45:00,96.5,96.5,0.0,0.0,7.2250000000000005,100.0,57.900000000000006
2025-03-25 12:00:00,107.0,107.0,0.0,0.0,7.4,100.0,64.2
2025-03-25 12:15:00,103.5,103.5,0.0,0.0,7.4750000000000005,100.0,62.1
2025-03-25 12:30:00,100.0,100.0,0.0,0.0,7.550000000000001,100.0,60.0
2025-03-25 12:45:00,96.5,96.5,0.0,0.0,7.625,100.0,57.9
2025-03-25 13:00:00,93.0,93.0,0.0,0.0,7.7,100.0,55.8
2025-03-25 13:15:00,111.25,107.0,4.25,7.575,7.9750000000000005,100.0,66.75
2025-03-25 13:30:00,129.5,121.0,8.5,15.15,8.25,100.0,77.69999999999999
2025-03-25 13:45:00,147.75,135.0,12.75,22.725,8.525,100.0,88.64999999999999
2025-03-25 14:00:00,166.0,149.0,17.0,30.3,8.8,100.0,99.6
2025-03-25 14:15:00,185.0,167.25,17.75,32.65,9.05,100.0,113.65
2025-03-25 14:30:00,204.0,185.5,18.5,35.0,9.3,100.0,127.7
2025-03-25 14:45:00,223.0,203.75,19.25,37.35,9.55,100.0,141.75
2025-03-25 15:00:00,242.0,222.0,20.0,39.7,9.8,100.0,155.8
2025-03-25 15:15:00,204.5,189.25,15.25,30.375,9.725000000000001,100.0,130.95000000000002
2025-03-25 15:30:00,167.0,156.5,10.5,21.05,9.65,100.0,106.10000000000001
2025-03-25 15:45:00,129.5,123.75,5.75,11.725000000000001,9.575,100.0,81.25
2025-03-25 16:00:00,92.0,91.0,1.0,2.4,9.5,100.0,56.4
2025-03-25 16:15:00,88.25,86.5,1.75,5.175,9.4,100.0,56.3
2025-03-25 16:30:00,84.5,82.0,2.5,7.949999999999999,9.3,100.0,56.2
2025-03-25 16:45:00,80.75,77.5,3.25,10.725,9.2,100.0,56.1
2025-03-25 17:00:00,77.0,73.0,4.0,13.5,9.1,100.0,56.0
2025-03-25 17:15:00,65.25,62.0,3.25,11.675,8.975,100.0,47.875
2025-03-25 17:30:00,53.5,51.0,2.5,9.85,8.85,100.0,39.75
2025-03-25 17:45:00,41.75,40.0,1.75,8.025,8.725,100.0,31.625
2025-03-25 18:00:00,30.0,29.0,1.0,6.2,8.6,100.0,23.5
2025-03-25 18:15:00,23.5,22.75,0.75,4.65,8.5,100.0,18.225
2025-03-25 18:30:00,17.0,16.5,0.5,3.1,8.399999999999999,100.0,12.95
2025-03-25 18:45:00,10.5,10.25,0.25,1.5499999999999998,8.299999999999999,100.0,7.674999999999999
2025-03-25 19:00:00,4.0,4.0,0.0,0.0,8.2,100.0,2.4
2025-03-25 19:15:00,3.0,3.0,0.0,0.0,8.149999999999999,100.0,1.7999999999999998
2025-03-25 19:30:00,2.0,2.0,0.0,0.0,8.1,100.0,1.2
2025-03-25 19:45:00,1.0,1.0,0.0,0.0,8.05,100.0,0.6000000000000001
2025-03-25 20:00:00,0.0,0.0,0.0,0.0,8.0,100.0,0.0
2025-03-25 20:15:00,0.0,0.0,0.0,0.0,7.85,99.5,0.0
2025-03-25 20:30:00,0.0,0.0,0.0,0.0,7.7,99.0,0.0
2025-03-25 20:45:00,0.0,0.0,0.0,0.0,7.550000000000001,98.5,0.0
2025-03-25 21:00:00,0.0,0.0,0.0,0.0,7.4,98.0,0.0
2025-03-25 21:15:00,0.0,0.0,0.0,0.0,7.2,98.5,0.0
2025-03-25 21:30:00,0.0,0.0,0.0,0.0,7.0,99.0,0.0
2025-03-25 21:45:00,0.0,0.0,0.0,0.0,6.8,99.5,0.0
2025-03-25 22:00:00,0.0,0.0,0.0,0.0,6.6,100.0,0.0
2025-03-25 22:15:00,0.0,0.0,0.0,0.0,6.625,100.0,0.0
2025-03-25 22:30:00,0.0,0.0,0.0,0.0,6.65,100.0,0.0
2025-03-25 22:45:00,0.0,0.0,0.0,0.0,6.675,100.0,0.0
2025-03-25 23:00:00,0.0,0.0,0.0,0.0,6.7,100.0,0.0
